timestamp,sym,open,close,high,low,vol
2022-09-27T00:00:00Z,ABJ,384.2704,384.1973,385.7362,381.2675,1014602
2022-09-27T00:00:00Z,ADQ,371.4158,371.3828,372.6408,369.6757,762796
2022-09-27T00:00:00Z,ADWZ,65.4164,65.4959,66.4434,65.1991,843822
2022-09-27T00:00:00Z,ADXAZ,144.6586,144.9879,147.4125,143.7337,832944
2022-09-27T00:00:00Z,AEFTU,442.8712,442.4138,449.9715,440.7093,871730
2022-09-27T00:00:00Z,AEZUJ,301.0820,301.2616,303.0586,300.2384,836983
2022-09-27T00:00:00Z,AFD,331.4840,331.6230,340.1120,327.1263,896029
2022-09-27T00:00:00Z,AFP,40.6505,40.6013,40.9669,40.2896,804681
2022-09-27T00:00:00Z,AFUX,1263.6762,1266.5795,1298.9373,1230.3135,711732
2022-09-27T00:00:00Z,AFZF,253.9077,253.9634,257.4311,252.0827,848507
2022-09-27T00:00:00Z,AGZZR,1251.1161,1252.4520,1258.0553,1250.2739,792178
2022-09-27T00:00:00Z,AHTX,489.3426,488.9154,493.1136,484.2667,832177
2022-09-27T00:00:00Z,AITDJ,19.4801,19.4830,19.5701,19.3689,722878
2022-09-27T00:00:00Z,AJD,929.1792,929.1962,937.8790,906.6225,834582
2022-09-27T00:00:00Z,AJDX,88.1950,88.0924,88.9245,86.5236,903741
2022-09-27T00:00:00Z,AJLY,357.8235,358.1384,361.5041,353.8112,786993
2022-09-27T00:00:00Z,AJOLB,1464.4245,1466.4919,1474.0368,1462.0907,682309
2022-09-27T00:00:00Z,AJQ,852.7876,852.6569,860.6631,849.5615,811956
2022-09-27T00:00:00Z,AKG,344.8191,344.9488,347.3183,339.7505,640613
2022-09-27T00:00:00Z,AKML,131.4369,131.3854,132.4726,128.9565,741178
2022-09-27T00:00:00Z,AKOAQ,168.3427,168.3334,170.2873,167.7443,848179
2022-09-27T00:00:00Z,ANHZ,615.3904,615.4830,619.2909,602.0903,772050
2022-09-27T00:00:00Z,ANJ,1689.4901,1690.5942,1691.8488,1655.6822,722911
2022-09-27T00:00:00Z,ANLR,1366.3999,1365.7638,1406.4296,1359.3730,889316
2022-09-27T00:00:00Z,ANX,617.7940,617.7464,618.8106,609.9189,720235
2022-09-27T00:00:00Z,AOC,2349.6680,2352.0361,2369.7092,2347.4551,648386
2022-09-27T00:00:00Z,AOJU,183.8738,183.8313,187.9697,181.5162,885074
2022-09-27T00:00:00Z,AONOZ,328.6180,328.7984,332.0732,323.9904,913024
2022-09-27T00:00:00Z,APN,397.7201,397.7243,406.2618,395.5733,695802
2022-09-27T00:00:00Z,APXZF,197.5665,197.6279,197.9920,193.5998,725011
2022-09-27T00:00:00Z,AQHW,1120.5258,1122.5184,1132.9233,1110.1832,823975
2022-09-27T00:00:00Z,AQO,885.3826,886.0352,892.0015,868.7134,847270
2022-09-27T00:00:00Z,ARLXP,523.1646,523.0090,530.4419,519.0146,794894
2022-09-27T00:00:00Z,ARVZD,689.2108,689.1662,702.7019,667.8981,849850
2022-09-27T00:00:00Z,ASCL,1054.8190,1055.2992,1078.4575,1051.0165,841471
2022-09-27T00:00:00Z,ATA,248.6996,248.6092,254.0357,246.4705,742039
2022-09-27T00:00:00Z,ATE,593.9075,593.8031,610.9996,571.1488,822855
2022-09-27T00:00:00Z,AUITQ,495.5432,495.6746,498.3233,490.0867,852613
2022-09-27T00:00:00Z,AUTTL,177.9028,177.8627,181.0826,175.0873,932837
2022-09-27T00:00:00Z,AVCWT,692.3081,692.9632,704.2957,690.6907,825062
2022-09-27T00:00:00Z,AVGCR,462.5916,462.4060,464.2844,459.4142,1005015
2022-09-27T00:00:00Z,AWBKJ,64.2812,64.1845,65.8730,63.5663,894142
2022-09-27T00:00:00Z,AWNT,387.9869,387.7520,390.9355,384.6381,898164
2022-09-27T00:00:00Z,AWOK,825.2087,825.4988,844.0963,810.0096,801697
2022-09-27T00:00:00Z,AWOX,581.6585,580.9293,589.7922,576.4190,782623
2022-09-27T00:00:00Z,AWWFP,341.2702,341.4648,351.6525,337.9996,807999
2022-09-27T00:00:00Z,AXM,161.4277,161.4664,163.5045,157.0453,820765
2022-09-27T00:00:00Z,AXQPA,688.7188,688.2742,690.6371,677.6464,751118
2022-09-27T00:00:00Z,AZSVP,2836.8740,2839.5540,2894.4030,2769.5208,682305
2022-09-27T00:00:00Z,BAC,633.9189,633.6672,639.1895,632.2336,754166
2022-09-27T00:00:00Z,BADQB,624.7774,625.9262,629.1008,618.4271,785685
2022-09-27T00:00:00Z,BBYX,931.1666,930.9041,932.8558,914.8294,799753
2022-09-27T00:00:00Z,BCEFG,636.4128,636.2019,642.7306,632.2411,946343
2022-09-27T00:00:00Z,BDSD,1024.4737,1024.4373,1040.3975,1024.0276,947009
2022-09-27T00:00:00Z,BFC,702.4349,702.5682,711.8904,692.4140,645917
2022-09-27T00:00:00Z,BFG,168.4452,168.4643,172.1257,167.3338,770390
2022-09-27T00:00:00Z,BFX,52.3763,52.3808,53.4314,52.2737,939452
2022-09-27T00:00:00Z,BGUZR,443.6748,443.6483,444.6771,441.6440,793886
2022-09-27T00:00:00Z,BGV,766.5874,766.6998,782.5162,755.0250,878196
2022-09-27T00:00:00Z,BHICN,114.3331,114.2482,116.4835,112.0846,832611
2022-09-27T00:00:00Z,BHZY,1036.2052,1036.2451,1048.0856,1026.7044,764446
2022-09-27T00:00:00Z,BIBMX,103.6917,103.7310,105.4852,102.3567,688063
2022-09-27T00:00:00Z,BJENC,23.6322,23.6337,23.7562,23.5817,751319
2022-09-27T00:00:00Z,BLHH,369.7929,370.1824,371.0289,366.5994,838040
2022-09-27T00:00:00Z,BMEV,814.8179,814.6907,816.9318,811.3621,832929
2022-09-27T00:00:00Z,BMHV,639.7373,640.2110,645.5059,639.7295,850851
2022-09-27T00:00:00Z,BMNSU,695.1629,696.5602,704.3289,689.4087,936291
2022-09-27T00:00:00Z,BOBGE,428.6118,428.3725,441.5160,426.2870,909959
2022-09-27T00:00:00Z,BODNF,862.9671,863.8628,869.1892,858.3264,885282
2022-09-27T00:00:00Z,BOP,1016.7628,1017.1680,1017.3745,1002.2046,807439
2022-09-27T00:00:00Z,BOV,1310.6373,1312.3264,1318.9222,1303.0762,788567
2022-09-27T00:00:00Z,BQQBS,196.1473,196.1880,201.5779,188.6236,889939
2022-09-27T00:00:00Z,BQV,748.1839,749.2780,761.6227,745.5050,746543
2022-09-27T00:00:00Z,BQXZT,94.0628,94.0849,94.5936,93.7581,876894
2022-09-27T00:00:00Z,BQZR,41.5498,41.5961,41.8856,41.1099,1033405
2022-09-27T00:00:00Z,BSAI,2105.3315,2106.3143,2115.5042,2088.3265,823827
2022-09-27T00:00:00Z,BSU,457.9459,457.9752,473.9458,455.6119,665533
2022-09-27T00:00:00Z,BTQGT,1035.2820,1035.1225,1044.0411,1033.5508,749352
2022-09-27T00:00:00Z,BTSV,646.1661,646.3082,648.4918,645.5588,880649
2022-09-27T00:00:00Z,BUJ,383.8159,383.6783,398.8336,380.9980,945601
2022-09-27T00:00:00Z,BVB,1001.4266,1003.1589,1018.7631,983.3471,810361
2022-09-27T00:00:00Z,BVCC,27.8042,27.7684,27.8312,27.3818,739414
2022-09-27T00:00:00Z,BVDWF,70.0513,70.0166,70.9846,68.3912,948906
2022-09-27T00:00:00Z,BWBA,316.8609,316.6925,324.8363,315.0360,790269
2022-09-27T00:00:00Z,BWJZ,194.3542,194.5352,195.5462,192.5060,680574
2022-09-27T00:00:00Z,BWX,722.0753,721.7132,733.8024,692.8965,769632
2022-09-27T00:00:00Z,BXAJI,487.4792,487.9745,496.0253,476.7746,868777
2022-09-27T00:00:00Z,BYMJ,1282.5081,1284.5428,1297.7572,1253.6452,1001925
2022-09-27T00:00:00Z,BYWX,125.9426,125.8816,126.2695,123.6606,963574
2022-09-27T00:00:00Z,BYZIZ,217.1163,216.8178,217.5989,216.2001,766060
2022-09-27T00:00:00Z,BZNT,628.2984,628.4294,635.7894,626.9930,880152
2022-09-27T00:00:00Z,BZP,85.0591,84.9983,85.1756,82.9795,846252
2022-09-27T00:00:00Z,BZQW,450.5385,450.5974,457.7807,448.5255,943801
2022-09-27T00:00:00Z,BZVER,883.7684,884.3510,921.2918,868.3367,791875
2022-09-27T00:00:00Z,CCD,1402.2336,1402.3496,1421.8699,1396.5625,918961
2022-09-27T00:00:00Z,CCFCP,936.8930,936.3139,938.7273,926.5442,791558
2022-09-27T00:00:00Z,CCLID,1552.7070,1553.3464,1558.2825,1538.5211,828605
2022-09-27T00:00:00Z,CCT,286.8495,286.8314,293.2331,280.5223,818052
2022-09-27T00:00:00Z,CEB,335.5574,335.1569,338.6984,330.2373,1005602
2022-09-27T00:00:00Z,CES,159.6946,159.6994,162.1500,156.1854,830973
2022-09-27T00:00:00Z,CFQZ,674.3743,675.0505,687.7804,666.8698,746561
2022-09-27T00:00:00Z,CGR,195.3434,195.1086,199.7012,192.3345,808239
2022-09-27T00:00:00Z,CIM,1235.1862,1235.4339,1235.4524,1214.2683,801479
2022-09-27T00:00:00Z,CJCR,466.5706,466.6877,472.2801,454.9671,698081
2022-09-27T00:00:00Z,CJH,577.8412,577.9557,585.5968,564.4483,809653
2022-09-27T00:00:00Z,CJO,1366.3776,1367.1956,1388.0167,1362.6300,1005311
2022-09-27T00:00:00Z,CKBG,878.6380,878.4715,904.8840,859.7499,774165
2022-09-27T00:00:00Z,CLJH,1027.2998,1026.1805,1028.8600,1016.4097,713987
2022-09-27T00:00:00Z,CLPG,414.6625,414.5588,417.0848,412.0736,801368
2022-09-27T00:00:00Z,CLRJD,931.7632,932.0867,952.8453,917.6275,926146
2022-09-27T00:00:00Z,CMICJ,582.4876,582.4398,592.4286,569.4267,805507
2022-09-27T00:00:00Z,CMIZ,1853.3196,1853.7433,1896.1002,1848.0514,866450
2022-09-27T00:00:00Z,CMWQ,581.5747,581.9327,588.4366,572.6709,875814
2022-09-27T00:00:00Z,CNQSK,202.1873,202.2122,202.5722,201.7991,766867
2022-09-27T00:00:00Z,CNU,1158.7241,1158.2199,1182.8809,1153.7516,950584
2022-09-27T00:00:00Z,COBK,721.0734,720.9467,746.1647,716.7167,818580
2022-09-27T00:00:00Z,COO,208.2657,208.0493,213.9366,205.5448,807033
2022-09-27T00:00:00Z,COPPU,630.2144,630.1661,633.1850,624.4392,890009
2022-09-27T00:00:00Z,CPIKH,909.6358,909.0655,909.7708,897.3523,737106
2022-09-27T00:00:00Z,CQBSZ,36.0381,36.0196,36.0811,35.2971,701629
2022-09-27T00:00:00Z,CQC,145.5164,145.7544,145.8990,143.0615,896133
2022-09-27T00:00:00Z,CQOAC,654.0072,654.2206,669.3319,637.6962,876854
2022-09-27T00:00:00Z,CRFV,886.1019,887.0613,895.7339,874.7431,961288
2022-09-27T00:00:00Z,CRHS,1943.9918,1945.2507,2002.4731,1910.9470,834268
2022-09-27T00:00:00Z,CROZ,363.4330,363.4708,373.9927,357.7025,744137
2022-09-27T00:00:00Z,CSEG,338.5544,338.3018,344.7899,338.2372,786163
2022-09-27T00:00:00Z,CTG,551.9531,551.6907,553.5811,551.4485,724462
2022-09-27T00:00:00Z,CTGDC,54.3253,54.3278,54.8205,54.1307,1010831
2022-09-27T00:00:00Z,CTGJO,109.0031,108.8373,111.9622,108.7641,890654
2022-09-27T00:00:00Z,CUH,1513.4822,1514.6965,1527.1568,1490.0035,891175
2022-09-27T00:00:00Z,CUVJV,2250.2341,2250.5554,2257.2056,2207.9139,969054
2022-09-27T00:00:00Z,CVTH,222.7403,222.8461,224.7103,219.1366,870674
2022-09-27T00:00:00Z,CWPU,1123.2274,1125.3195,1151.9247,1113.5654,850589
2022-09-27T00:00:00Z,CWWFV,1751.0044,1750.2847,1777.1033,1729.7473,669418
2022-09-27T00:00:00Z,CYLG,910.2089,910.1912,910.3171,898.7566,860001
2022-09-27T00:00:00Z,DAMJN,448.9573,449.2120,450.3433,440.9218,783060
2022-09-27T00:00:00Z,DARRI,280.7760,281.0393,287.8885,277.9778,793980
2022-09-27T00:00:00Z,DBU,190.6390,190.5395,193.2897,188.9149,789112
2022-09-27T00:00:00Z,DBVFJ,801.2520,801.3528,812.0873,792.0807,839341
2022-09-27T00:00:00Z,DBY,942.0548,942.5902,964.0465,940.4121,825398
2022-09-27T00:00:00Z,DEOOW,478.1647,477.6477,486.5643,475.0547,746810
2022-09-27T00:00:00Z,DEYU,664.9117,665.4233,689.2402,661.6039,800346
2022-09-27T00:00:00Z,DFPC,1081.7649,1082.3585,1092.9273,1049.7734,741040
2022-09-27T00:00:00Z,DFXN,145.0466,145.2347,146.8587,144.4292,863602
2022-09-27T00:00:00Z,DGFQX,569.6474,569.6877,588.6394,562.2108,787467
2022-09-27T00:00:00Z,DGG,130.0803,130.0433,130.6411,129.1597,734634
2022-09-27T00:00:00Z,DGNK,807.5030,807.6382,817.4907,798.0601,795426
2022-09-27T00:00:00Z,DJRTW,1409.8800,1410.2375,1424.4897,1402.8928,797787
2022-09-27T00:00:00Z,DLL,421.9516,421.3500,430.7655,416.9894,760815
2022-09-27T00:00:00Z,DMBKK,503.0129,502.9851,506.2903,487.8482,938664
2022-09-27T00:00:00Z,DMNBY,313.2420,312.9964,317.5591,306.6913,811542
2022-09-27T00:00:00Z,DPD,21.0048,20.9885,21.0948,20.8461,818595
2022-09-27T00:00:00Z,DRAY,368.3142,368.2103,379.0072,358.5212,826949
2022-09-27T00:00:00Z,DSSC,1775.1538,1776.6813,1789.9125,1706.7566,915377
2022-09-27T00:00:00Z,DTBYQ,813.4986,813.8519,825.2988,804.9888,879637
2022-09-27T00:00:00Z,DTE,649.6667,649.7211,667.4187,648.5389,897143
2022-09-27T00:00:00Z,DTK,73.1675,73.1360,73.7593,72.1842,961641
2022-09-27T00:00:00Z,DTOT,230.0906,229.9580,233.2388,229.6483,803773
2022-09-27T00:00:00Z,DTP,1003.7508,1004.5121,1008.7247,991.8759,1035985
2022-09-27T00:00:00Z,DVJ,780.3909,780.0921,780.7869,777.8523,957524
2022-09-27T00:00:00Z,DWBKS,143.6018,143.5735,145.8179,142.7906,762026
2022-09-27T00:00:00Z,DWDFU,364.0419,363.1471,369.1296,362.5666,898566
2022-09-27T00:00:00Z,DWEC,77.5889,77.4870,78.6215,76.4683,784552
2022-09-27T00:00:00Z,DWL,348.9701,348.6411,362.5693,342.8280,839536
2022-09-27T00:00:00Z,DYD,314.9343,314.6512,318.0092,302.1427,896252
2022-09-27T00:00:00Z,DZA,52.7654,52.7476,53.2432,52.3780,738134
2022-09-27T00:00:00Z,DZI,645.0502,645.2174,660.7152,641.1138,910091
2022-09-27T00:00:00Z,EAQK,443.2418,443.0203,443.6882,439.5644,960512
2022-09-27T00:00:00Z,EAWUG,1227.9622,1228.0611,1264.5430,1208.5738,736442
2022-09-27T00:00:00Z,EBA,1045.4311,1045.2039,1050.6028,1034.0279,1064626
2022-09-27T00:00:00Z,EBDC,218.3844,218.5747,222.9062,212.4721,790494
2022-09-27T00:00:00Z,ECFE,505.1724,505.2363,515.3993,500.3436,941483
2022-09-27T00:00:00Z,ECNQI,66.6930,66.7131,67.0085,66.5069,831245
2022-09-27T00:00:00Z,EHKIC,263.7075,263.8573,265.4654,259.7759,742319
2022-09-27T00:00:00Z,EIUS,234.8286,234.7739,242.3547,231.0920,788529
2022-09-27T00:00:00Z,EJVU,1009.9250,1010.7368,1029.1711,989.1633,863206
2022-09-27T00:00:00Z,EKHSG,338.9669,338.4360,348.4575,332.9240,780833
2022-09-27T00:00:00Z,EKJCY,104.4600,104.4533,107.2844,103.1967,888562
2022-09-27T00:00:00Z,ELK,348.8888,349.1905,353.8769,347.4880,714773
2022-09-27T00:00:00Z,ELSO,1203.2547,1203.5235,1241.4852,1190.1070,915450
2022-09-27T00:00:00Z,EMF,73.2232,73.2406,73.3053,72.6488,737098
2022-09-27T00:00:00Z,EMWB,735.2559,735.9288,744.0515,733.8690,870416
2022-09-27T00:00:00Z,EMZ,648.3895,648.3454,652.7800,644.7387,914507
2022-09-27T00:00:00Z,ENGF,1069.3138,1069.2070,1079.4445,1065.8886,933180
2022-09-27T00:00:00Z,EOUF,190.2375,190.1772,191.1592,187.9318,696430
2022-09-27T00:00:00Z,EPU,141.5475,141.5199,141.6532,139.7511,787982
2022-09-27T00:00:00Z,ESMX,2238.0164,2238.9540,2259.7818,2238.0048,934372
2022-09-27T00:00:00Z,ESQ,497.4567,497.0849,498.2624,495.9308,774195
2022-09-27T00:00:00Z,ETUOT,3.1451,3.1444,3.1451,3.1364,851221
2022-09-27T00:00:00Z,ETWH,1281.3067,1280.2499,1283.9008,1255.9403,824726
2022-09-27T00:00:00Z,EUXR,24.7121,24.7298,24.8882,24.3160,893637
2022-09-27T00:00:00Z,EUZ,574.5671,574.7352,578.3703,572.9844,848803
2022-09-27T00:00:00Z,EVPU,542.1272,541.4057,545.7166,533.6415,886584
2022-09-27T00:00:00Z,EVQ,758.9550,759.2700,780.7823,758.2792,870816
2022-09-27T00:00:00Z,EXCS,767.7311,767.7560,778.2639,759.3760,799284
2022-09-27T00:00:00Z,EYA,506.7586,506.8653,515.1767,486.6066,743609
2022-09-27T00:00:00Z,EYCEP,387.5938,387.7880,393.6722,378.6611,681937
2022-09-27T00:00:00Z,EYERS,593.6316,593.5836,597.1598,580.9290,778381
2022-09-27T00:00:00Z,EYU,460.0825,460.3771,465.6532,456.4822,823945
2022-09-27T00:00:00Z,EZEH,345.0328,344.9688,347.5866,344.0604,1035673
2022-09-27T00:00:00Z,EZGC,712.3910,712.1951,728.1956,704.6702,837018
2022-09-27T00:00:00Z,FBLSO,4.0922,4.0919,4.0935,4.0554,799853
2022-09-27T00:00:00Z,FBYB,682.5005,682.0562,699.7047,671.9567,779406
2022-09-27T00:00:00Z,FCQIE,351.0130,351.1380,356.6172,345.2176,837078
2022-09-27T00:00:00Z,FDD,765.7948,766.0891,767.7540,757.6085,900272
2022-09-27T00:00:00Z,FDNTE,872.5790,871.5882,876.5127,857.4046,844296
2022-09-27T00:00:00Z,FDWFV,487.3283,487.5711,491.9010,480.7337,929680
2022-09-27T00:00:00Z,FET,155.5833,155.5615,156.0921,149.4609,694224
2022-09-27T00:00:00Z,FFBQF,85.1911,85.2463,86.8392,84.9144,763938
2022-09-27T00:00:00Z,FGQ,603.3731,603.7178,604.5380,579.8770,758238
2022-09-27T00:00:00Z,FITJ,79.1595,79.0835,79.5577,78.0694,888077
2022-09-27T00:00:00Z,FIWZH,28.6550,28.6524,29.0825,28.6495,827004
2022-09-27T00:00:00Z,FJB,473.5770,473.4700,481.4076,472.2117,853027
2022-09-27T00:00:00Z,FKIJS,760.7613,761.2628,765.2981,748.0767,942746
2022-09-27T00:00:00Z,FLAI,414.9580,415.1344,419.8194,414.8122,825068
2022-09-27T00:00:00Z,FLUAA,50.6652,50.6500,51.3206,50.2355,809152
2022-09-27T00:00:00Z,FNAXF,380.5453,380.9019,382.0377,380.2410,767237
2022-09-27T00:00:00Z,FNB,746.9958,746.7155,749.7336,738.9963,824969
2022-09-27T00:00:00Z,FNLLW,71.5458,71.4926,72.6855,70.8130,856256
2022-09-27T00:00:00Z,FNYEY,93.3289,93.2237,93.3358,91.1957,995600
2022-09-27T00:00:00Z,FOQEU,1906.7019,1909.5079,1921.9271,1849.4659,768804
2022-09-27T00:00:00Z,FPIS,850.2875,850.7357,859.0604,843.3580,790333
2022-09-27T00:00:00Z,FQTGB,926.4243,926.9207,934.7981,925.6661,861864
2022-09-27T00:00:00Z,FQV,612.0017,611.7443,614.0891,599.0030,850179
2022-09-27T00:00:00Z,FRWQW,677.8442,677.4678,696.1205,672.3086,891581
2022-09-27T00:00:00Z,FTNZ,856.2157,856.4067,870.9028,844.5185,762604
2022-09-27T00:00:00Z,FUBQ,325.9912,325.9245,326.8988,317.0100,865610
2022-09-27T00:00:00Z,FUOE,36.9003,36.8870,37.3221,36.3816,1055507
2022-09-27T00:00:00Z,FVF,1118.8249,1120.9713,1153.1690,1117.9404,794654
2022-09-27T00:00:00Z,FVOPV,626.1241,626.0237,632.1117,609.2861,803803
2022-09-27T00:00:00Z,FWKX,1311.5405,1312.7930,1348.5197,1290.6952,777303
2022-09-27T00:00:00Z,FXWD,789.3635,789.6192,796.7904,773.3754,802010
2022-09-27T00:00:00Z,FXYK,705.9587,705.9872,706.3079,703.4281,792211
2022-09-27T00:00:00Z,FZETA,985.7703,986.8947,996.2046,975.4619,889217
2022-09-27T00:00:00Z,GBA,26.1781,26.1444,26.7777,25.6798,710251
2022-09-27T00:00:00Z,GBP,554.5889,554.6174,566.0954,550.1668,841831
2022-09-27T00:00:00Z,GBXJU,81.7293,81.6703,83.1009,80.2773,850363
2022-09-27T00:00:00Z,GCAK,1988.4118,1990.1105,1992.5376,1988.2483,900940
2022-09-27T00:00:00Z,GCAO,324.1542,323.7206,326.6229,315.7313,913072
2022-09-27T00:00:00Z,GCLLZ,277.6625,277.6644,282.7752,277.5671,802044
2022-09-27T00:00:00Z,GDF,145.0411,144.9570,145.4672,144.2921,882880
2022-09-27T00:00:00Z,GDM,102.1537,102.0053,102.2535,100.8062,860933
2022-09-27T00:00:00Z,GEL,28.0028,27.9769,28.2918,27.8309,825498
2022-09-27T00:00:00Z,GERAA,467.8233,467.7416,468.4306,463.0906,1023824
2022-09-27T00:00:00Z,GGD,1003.1123,1003.1697,1005.8915,960.5822,781995
2022-09-27T00:00:00Z,GGG,890.8149,891.3537,904.5057,890.3146,710408
2022-09-27T00:00:00Z,GGOC,32.1765,32.1406,32.9141,32.0427,835236
2022-09-27T00:00:00Z,GHIS,1338.4039,1338.4511,1341.2524,1312.2311,934801
2022-09-27T00:00:00Z,GHWM,1341.5615,1343.0218,1348.0656,1335.2444,878937
2022-09-27T00:00:00Z,GJQJR,674.2579,674.0920,678.8197,668.0223,1024047
2022-09-27T00:00:00Z,GJTWT,834.5428,835.5019,835.9250,824.6212,910312
2022-09-27T00:00:00Z,GKG,563.0622,563.4773,564.6584,562.5266,933132
2022-09-27T00:00:00Z,GLHTL,906.8190,907.0701,917.0094,902.8359,762268
2022-09-27T00:00:00Z,GMC,230.1113,230.0686,232.6100,225.3850,809307
2022-09-27T00:00:00Z,GMF,1456.0831,1457.7457,1466.0656,1439.5732,805129
2022-09-27T00:00:00Z,GMJ,626.3086,626.5551,636.9653,625.2231,882300
2022-09-27T00:00:00Z,GMYHH,692.4416,692.1842,697.3424,691.1320,925970
2022-09-27T00:00:00Z,GNN,1622.3901,1623.6481,1635.9935,1612.6468,941962
2022-09-27T00:00:00Z,GQHLW,459.6218,459.6300,475.4503,457.4337,709797
2022-09-27T00:00:00Z,GSHRU,866.8154,866.5228,881.1313,864.9419,772923
2022-09-27T00:00:00Z,GSV,609.2122,609.4541,619.3148,588.2222,696190
2022-09-27T00:00:00Z,GTYH,562.7969,562.6939,569.2439,560.5746,781085
2022-09-27T00:00:00Z,GYD,1001.8244,1002.4119,1011.8365,965.2735,786711
2022-09-27T00:00:00Z,GYRXM,149.1242,149.0261,149.8298,146.2261,879035
2022-09-27T00:00:00Z,GZAK,168.3567,168.3734,170.4153,165.8328,1001607
2022-09-27T00:00:00Z,GZFT,252.2854,252.5066,254.4134,251.7019,914744
2022-09-27T00:00:00Z,GZJA,147.1001,147.1047,148.2243,144.7292,872693
2022-09-27T00:00:00Z,GZUT,645.1663,645.5253,656.8396,635.4242,791324
2022-09-27T00:00:00Z,GZUXF,879.5109,879.9950,883.2419,851.8799,724323
2022-09-27T00:00:00Z,HAPA,525.4150,525.1220,527.1516,524.9704,842450
2022-09-27T00:00:00Z,HBFU,438.8920,439.3369,447.0357,438.7183,819939
2022-09-27T00:00:00Z,HCTLK,556.7874,556.4687,563.7677,554.2374,749617
2022-09-27T00:00:00Z,HDL,423.6986,423.8464,427.5599,419.1689,852221
2022-09-27T00:00:00Z,HEASO,46.3355,46.2897,46.8818,45.0504,835581
2022-09-27T00:00:00Z,HED,741.8222,742.6335,760.9308,741.6220,751363
2022-09-27T00:00:00Z,HEDO,447.5558,447.4983,449.2847,444.7401,756496
2022-09-27T00:00:00Z,HES,201.9322,201.6212,206.1911,199.4981,890071
2022-09-27T00:00:00Z,HHIOD,1499.9504,1502.5765,1517.3120,1489.4645,729863
2022-09-27T00:00:00Z,HJD,1197.4980,1199.1152,1211.9320,1184.2258,832972
2022-09-27T00:00:00Z,HKDYH,353.0693,353.1594,360.2079,353.0158,755182
2022-09-27T00:00:00Z,HKNX,85.2009,85.2359,86.0838,84.1852,824362
2022-09-27T00:00:00Z,HLSEL,299.8202,299.6160,300.0505,298.1713,895310
2022-09-27T00:00:00Z,HLT,788.3388,788.2757,806.1870,775.0129,788407
2022-09-27T00:00:00Z,HNE,552.9337,552.7521,557.3145,533.5079,832015
2022-09-27T00:00:00Z,HNQP,81.8472,81.8197,81.8512,80.8810,756406
2022-09-27T00:00:00Z,HOO,368.1153,368.3734,371.8625,367.8746,806938
2022-09-27T00:00:00Z,HPZMD,644.0296,644.4427,660.9607,627.1653,872291
2022-09-27T00:00:00Z,HQHXZ,747.0026,747.8737,763.6212,732.9898,802149
2022-09-27T00:00:00Z,HQPT,1540.8966,1542.4260,1577.3282,1503.3078,762264
2022-09-27T00:00:00Z,HRM,649.4625,649.5652,661.0169,644.9866,638229
2022-09-27T00:00:00Z,HRYDD,200.5741,200.6004,200.7808,199.6417,797006
2022-09-27T00:00:00Z,HRYKY,815.2505,815.4145,816.9232,801.7002,1040003
2022-09-27T00:00:00Z,HSSU,419.8056,419.5337,419.9614,410.2382,876922
2022-09-27T00:00:00Z,HTX,660.4899,659.8063,661.2506,656.5207,671799
2022-09-27T00:00:00Z,HUMGL,228.0841,227.8810,229.7011,227.0797,731976
2022-09-27T00:00:00Z,HUQ,65.7661,65.7196,66.6121,65.5703,954387
2022-09-27T00:00:00Z,HVN,176.4467,176.5286,177.8306,172.2399,797378
2022-09-27T00:00:00Z,HWK,102.4169,102.4808,103.6305,102.2444,738772
2022-09-27T00:00:00Z,HWRWA,367.4524,367.3122,370.1239,363.3278,883861
2022-09-27T00:00:00Z,HXWQP,2692.1203,2695.8732,2735.1756,2677.3195,818398
2022-09-27T00:00:00Z,HYQTC,737.0721,737.3821,740.6081,731.4301,852002
2022-09-27T00:00:00Z,HYRF,435.0962,435.1323,438.7934,421.5895,880897
2022-09-27T00:00:00Z,HZOM,1121.9576,1121.8813,1133.4397,1121.6703,730834
2022-09-27T00:00:00Z,HZRHO,812.7295,812.5957,848.7580,788.5253,777717
2022-09-27T00:00:00Z,HZZ,50.5913,50.5692,50.9768,50.4439,847148
2022-09-27T00:00:00Z,IDAMH,451.9822,451.8963,453.0241,449.1440,761051
2022-09-27T00:00:00Z,IDD,330.1744,330.1085,331.3630,328.2855,866075
2022-09-27T00:00:00Z,IDX,1036.3323,1036.8434,1037.6595,1024.4050,787257
2022-09-27T00:00:00Z,IEU,656.8522,656.9601,675.2774,648.2864,689113
2022-09-27T00:00:00Z,IFZBF,34.8472,34.8818,34.8830,34.2880,840296
2022-09-27T00:00:00Z,IGHQ,930.9431,931.1064,945.1653,922.4950,809919
2022-09-27T00:00:00Z,IGRIG,285.9728,285.9106,288.7839,283.1647,802919
2022-09-27T00:00:00Z,IHYA,741.0389,740.9340,749.3035,737.5375,976019
2022-09-27T00:00:00Z,IIHN,609.0869,608.6453,613.7166,607.6921,959479
2022-09-27T00:00:00Z,IIQ,48.7697,48.7465,49.8105,48.7243,795604
2022-09-27T00:00:00Z,IIZ,268.5395,268.4451,270.3419,266.3445,777262
2022-09-27T00:00:00Z,IKJR,1189.8909,1189.8950,1191.7020,1176.2891,932594
2022-09-27T00:00:00Z,ILGW,228.7732,228.6844,231.6852,226.5619,912666
2022-09-27T00:00:00Z,ILPFK,497.2049,497.1766,511.1726,493.0179,748198
2022-09-27T00:00:00Z,IMA,572.1124,572.0880,573.3156,570.8525,781941
2022-09-27T00:00:00Z,IMD,132.9091,132.9076,135.9053,132.2921,789507
2022-09-27T00:00:00Z,IMG,412.7874,412.7427,418.3246,408.4863,871361
2022-09-27T00:00:00Z,INF,137.3044,137.2956,137.3362,137.2762,685265
2022-09-27T00:00:00Z,INUL,124.8878,124.9397,128.3020,122.1599,796541
2022-09-27T00:00:00Z,IOAGQ,855.1730,854.8577,866.6941,832.4518,726202
2022-09-27T00:00:00Z,IOZPO,505.8210,506.1286,511.5995,504.8570,933322
2022-09-27T00:00:00Z,IQUI,1818.4511,1819.5124,1831.2244,1808.8798,738716
2022-09-27T00:00:00Z,IRKXL,444.9003,444.7649,455.1085,443.3209,805031
2022-09-27T00:00:00Z,IRRD,345.7975,345.7308,354.0464,342.5538,812039
2022-09-27T00:00:00Z,ISI,98.2187,98.2216,99.7032,96.2494,875339
2022-09-27T00:00:00Z,ISNVV,426.9669,426.7141,434.4636,424.6544,824174
2022-09-27T00:00:00Z,ISR,427.7051,427.2563,439.1589,424.3503,855884
2022-09-27T00:00:00Z,ITF,1062.1802,1062.4879,1066.2582,1027.8772,860326
2022-09-27T00:00:00Z,ITMNM,314.2375,314.2621,316.6649,311.1193,756043
2022-09-27T00:00:00Z,ITQ,363.2251,363.1162,366.0612,360.1724,816492
2022-09-27T00:00:00Z,ITY,164.3790,164.4052,166.9149,161.4853,641924
2022-09-27T00:00:00Z,IUGA,390.1706,390.3261,392.0007,388.7470,797611
2022-09-27T00:00:00Z,IUI,107.7415,107.8427,109.9496,107.4154,856064
2022-09-27T00:00:00Z,IULZ,277.0820,277.1517,279.4561,275.1284,877698
2022-09-27T00:00:00Z,IUNJ,51.3349,51.2784,51.4244,51.2125,772595
2022-09-27T00:00:00Z,IVNSH,633.3769,633.7180,637.0248,623.5211,858958
2022-09-27T00:00:00Z,IYBWC,1094.4172,1095.4884,1117.9844,1088.4812,1011932
2022-09-27T00:00:00Z,IYCR,600.3427,599.9217,607.9459,593.1138,695273
2022-09-27T00:00:00Z,IYFI,90.5593,90.5215,90.6563,89.5115,786464
2022-09-27T00:00:00Z,IZQLN,391.0604,391.0970,400.2596,388.7455,775595
2022-09-27T00:00:00Z,IZX,1506.3561,1508.1814,1509.8205,1502.0098,927079
2022-09-27T00:00:00Z,JAJTW,2685.1913,2686.1728,2746.1824,2684.5542,796034
2022-09-27T00:00:00Z,JBM,293.3884,293.4338,296.3252,291.7992,702655
2022-09-27T00:00:00Z,JDBYO,590.7045,591.1526,601.3287,572.9017,774745
2022-09-27T00:00:00Z,JDF,729.6730,729.8278,730.2435,726.8431,782258
2022-09-27T00:00:00Z,JEIR,132.6148,132.6895,133.7933,130.8275,843410
2022-09-27T00:00:00Z,JEYX,3053.5376,3058.3417,3070.4662,3026.6547,859030
2022-09-27T00:00:00Z,JFG,1234.8333,1236.3021,1245.3924,1204.9945,887097
2022-09-27T00:00:00Z,JGH,1649.4992,1650.0321,1666.9445,1648.9806,835777
2022-09-27T00:00:00Z,JGHA,147.0932,146.8891,148.9478,146.5337,951241
2022-09-27T00:00:00Z,JHBWD,64.0898,64.1232,64.4282,63.4417,766387
2022-09-27T00:00:00Z,JHDE,540.7259,540.8340,543.2589,527.3568,1000392
2022-09-27T00:00:00Z,JHOIS,655.6619,655.7692,662.4518,632.6238,886022
2022-09-27T00:00:00Z,JHQ,118.0528,117.9631,119.2220,117.9320,780689
2022-09-27T00:00:00Z,JIC,401.7579,401.8416,402.9025,395.4880,820919
2022-09-27T00:00:00Z,JJE,42.3426,42.3510,43.1169,41.0420,901040
2022-09-27T00:00:00Z,JJH,878.5483,878.9303,886.7893,868.2327,803174
2022-09-27T00:00:00Z,JKBBO,586.0489,585.9172,591.5374,562.7686,794038
2022-09-27T00:00:00Z,JLQW,298.3007,298.2299,299.2224,297.0881,812480
2022-09-27T00:00:00Z,JLV,438.9782,438.7860,445.0218,436.3873,854348
2022-09-27T00:00:00Z,JPSJO,128.8132,128.8740,132.0504,126.4490,912913
2022-09-27T00:00:00Z,JRLD,2139.4872,2142.5498,2154.7470,2027.5635,811204
2022-09-27T00:00:00Z,JRRO,783.3806,783.4912,793.2449,778.9097,776010
2022-09-27T00:00:00Z,JRZ,40.1970,40.1993,40.7410,38.9341,886496
2022-09-27T00:00:00Z,JSD,324.7379,324.7319,324.7658,323.5297,723088
2022-09-27T00:00:00Z,JTHFZ,625.0802,625.4781,630.0531,617.4072,817006
2022-09-27T00:00:00Z,JTON,226.0695,225.8653,228.2159,223.6886,888153
2022-09-27T00:00:00Z,JTOUV,329.6931,329.9185,330.0883,329.3877,849068
2022-09-27T00:00:00Z,JURY,581.0989,581.4478,582.9355,573.2477,886103
2022-09-27T00:00:00Z,JUXIW,866.5275,865.4699,873.1465,863.5700,911200
2022-09-27T00:00:00Z,JVWF,972.9515,973.2122,982.6213,970.8030,804352
2022-09-27T00:00:00Z,JWEG,356.4200,356.1451,362.6527,348.2776,777097
2022-09-27T00:00:00Z,JXH,1196.2417,1198.3418,1206.4880,1179.4821,781915
2022-09-27T00:00:00Z,JYS,204.9550,204.9581,208.3115,203.8827,868257
2022-09-27T00:00:00Z,JYUH,367.7337,368.1139,376.6757,358.9224,924892
2022-09-27T00:00:00Z,JZHPF,724.7319,724.1626,728.4310,714.2746,856709
2022-09-27T00:00:00Z,KBJZN,659.7804,659.8758,661.8628,658.2786,737763
2022-09-27T00:00:00Z,KBXO,100.0483,100.0292,102.3615,98.5775,898449
2022-09-27T00:00:00Z,KCIRN,266.0534,265.9543,266.1693,264.8521,734641
2022-09-27T00:00:00Z,KDCMP,201.2951,201.3666,202.4582,201.0521,926097
2022-09-27T00:00:00Z,KDIJV,268.4351,268.4039,271.1830,266.8949,776119
2022-09-27T00:00:00Z,KDQQJ,816.8181,817.0380,817.4952,789.9997,839003
2022-09-27T00:00:00Z,KEFPW,1788.2119,1789.5437,1800.6278,1770.5184,827824
2022-09-27T00:00:00Z,KEJT,441.5560,441.4020,450.6798,438.9177,823864
2022-09-27T00:00:00Z,KEKWJ,249.7670,249.7329,250.2125,243.9190,887462
2022-09-27T00:00:00Z,KFAS,304.2843,304.0614,305.7879,300.6739,710881
2022-09-27T00:00:00Z,KFNI,1277.3256,1277.6071,1309.7906,1276.5628,880856
2022-09-27T00:00:00Z,KFROY,631.5759,631.7597,642.8385,625.1603,835487
2022-09-27T00:00:00Z,KHFTC,61.0162,61.0010,61.2071,60.9299,712080
2022-09-27T00:00:00Z,KIC,34.9788,34.9834,35.0434,34.3888,782883
2022-09-27T00:00:00Z,KIEZL,569.6926,569.1917,590.4653,563.4075,765220
2022-09-27T00:00:00Z,KKHDK,49.1918,49.2236,49.6338,48.8370,858552
2022-09-27T00:00:00Z,KLS,541.8500,541.9528,550.3882,537.8766,914732
2022-09-27T00:00:00Z,KNC,53.0730,53.0322,53.5255,52.8127,791434
2022-09-27T00:00:00Z,KOG,332.5478,332.5970,335.1727,325.0355,905398
2022-09-27T00:00:00Z,KOGMS,910.2436,909.5959,920.8852,887.9615,766437
2022-09-27T00:00:00Z,KOH,682.2505,682.2204,689.3019,676.5891,874943
2022-09-27T00:00:00Z,KOKF,552.6045,552.6665,556.0026,545.4624,942039
2022-09-27T00:00:00Z,KPOKM,1153.1238,1153.6251,1154.9765,1146.5462,704232
2022-09-27T00:00:00Z,KPSG,697.1470,697.2038,702.9784,680.3458,699793
2022-09-27T00:00:00Z,KQV,511.4420,511.6869,511.7346,508.6263,870184
2022-09-27T00:00:00Z,KREEP,447.3725,447.4860,455.4590,445.6500,789607
2022-09-27T00:00:00Z,KSBR,202.9745,203.0366,207.0125,195.2626,879769
2022-09-27T00:00:00Z,KSFT,966.8651,967.3637,997.5898,939.6979,712659
2022-09-27T00:00:00Z,KTJ,1918.1169,1918.5191,1919.6311,1906.2672,873263
2022-09-27T00:00:00Z,KTPZ,98.1943,98.2007,99.6201,97.2110,846280
2022-09-27T00:00:00Z,KUI,989.5921,989.5280,993.4807,974.4727,890853
2022-09-27T00:00:00Z,KUL,1031.5463,1031.4453,1033.0980,1015.8698,878576
2022-09-27T00:00:00Z,KUMJ,691.0233,690.8892,702.4419,680.1249,863263
2022-09-27T00:00:00Z,KUYA,68.2215,68.2088,68.2471,66.1985,810814
2022-09-27T00:00:00Z,KVIUX,1145.8553,1146.1789,1150.5349,1138.5500,859779
2022-09-27T00:00:00Z,KVK,831.2039,831.2891,836.9315,822.4195,774743
2022-09-27T00:00:00Z,KVOZB,171.0379,171.1991,173.4462,170.0338,827029
2022-09-27T00:00:00Z,KWSLY,415.3621,415.5184,415.8270,411.2528,766369
2022-09-27T00:00:00Z,KWWF,990.9395,992.1076,992.2760,980.5147,747636
2022-09-27T00:00:00Z,KXTSU,1057.1471,1057.2829,1076.4291,1029.6035,791832
2022-09-27T00:00:00Z,KXWB,342.6090,342.4049,346.6255,340.2529,893887
2022-09-27T00:00:00Z,KZNSX,573.5335,573.1807,595.2551,556.5643,797504
2022-09-27T00:00:00Z,KZXVY,83.1962,83.1412,84.0917,83.1000,685348
2022-09-27T00:00:00Z,LBDKO,431.6124,431.4193,434.9621,422.7110,814667
2022-09-27T00:00:00Z,LBGDH,641.3607,641.9584,646.4262,641.1065,848847
2022-09-27T00:00:00Z,LCNSZ,318.1339,318.1113,326.8241,316.7216,637356
2022-09-27T00:00:00Z,LCRVI,362.0894,362.1953,368.8997,351.6061,916857
2022-09-27T00:00:00Z,LCSL,848.6250,848.3503,858.7186,845.7343,878095
2022-09-27T00:00:00Z,LDGS,316.7255,316.9027,319.2474,314.5453,1052558
2022-09-27T00:00:00Z,LDV,465.1833,464.9184,474.4567,463.3278,730546
2022-09-27T00:00:00Z,LDXCH,500.7980,500.9539,507.4728,497.7391,775392
2022-09-27T00:00:00Z,LEE,292.8570,292.6921,296.0522,289.1192,919445
2022-09-27T00:00:00Z,LEWLT,118.8192,118.9607,119.1605,115.6272,736304
2022-09-27T00:00:00Z,LGSQV,238.2986,238.5011,240.1617,237.7090,846325
2022-09-27T00:00:00Z,LHAUQ,439.3988,438.5499,447.0254,433.2861,823532
2022-09-27T00:00:00Z,LJDYD,1297.6866,1299.1030,1302.7761,1279.8678,828195
2022-09-27T00:00:00Z,LJHRT,293.3182,293.8777,295.7678,290.9930,731514
2022-09-27T00:00:00Z,LJJEF,575.7213,576.0403,576.3993,564.0983,798684
2022-09-27T00:00:00Z,LJJG,317.4416,317.4546,319.2827,314.8700,870773
2022-09-27T00:00:00Z,LJMO,611.0786,611.6754,619.8177,610.4954,863234
2022-09-27T00:00:00Z,LJPL,471.1994,471.2317,473.1885,467.1524,836868
2022-09-27T00:00:00Z,LJV,806.5533,806.2519,809.6485,798.7389,783300
2022-09-27T00:00:00Z,LKIK,142.9683,143.0029,143.7679,140.3525,846426
2022-09-27T00:00:00Z,LKLY,439.2105,438.9985,442.0068,437.8243,869174
2022-09-27T00:00:00Z,LKM,91.1083,91.1366,92.4944,90.0591,692325
2022-09-27T00:00:00Z,LKSZ,149.4080,149.3320,150.0364,148.5803,986357
2022-09-27T00:00:00Z,LMHK,805.3989,805.3362,814.8608,789.6337,984086
2022-09-27T00:00:00Z,LNURY,1123.9179,1123.7637,1135.5136,1116.3833,827387
2022-09-27T00:00:00Z,LOHBC,209.3238,209.0051,212.1067,201.6538,776326
2022-09-27T00:00:00Z,LOTU,285.8991,285.7631,288.0588,280.5363,828079
2022-09-27T00:00:00Z,LPNIP,347.0561,347.3261,350.5949,342.9593,866665
2022-09-27T00:00:00Z,LRJLC,558.3157,558.3214,577.0602,536.8567,772387
2022-09-27T00:00:00Z,LSCOB,66.0203,66.0257,66.4548,65.5260,759677
2022-09-27T00:00:00Z,LSI,204.6629,204.6992,204.9935,202.5447,904276
2022-09-27T00:00:00Z,LSQ,1002.0232,1001.8348,1036.7922,1000.5504,752650
2022-09-27T00:00:00Z,LTGW,272.9773,272.9287,279.8124,269.3784,953596
2022-09-27T00:00:00Z,LUMC,828.7642,828.5881,850.2881,814.1999,876040
2022-09-27T00:00:00Z,LVDTW,297.7645,297.6269,300.4169,296.9619,798769
2022-09-27T00:00:00Z,LVQP,557.0410,557.2210,567.6589,556.0653,769484
2022-09-27T00:00:00Z,LVV,573.7790,573.7900,585.5117,559.4886,845118
2022-09-27T00:00:00Z,LXO,152.5373,152.4864,155.4002,150.6939,787533
2022-09-27T00:00:00Z,MAQUS,557.7649,557.8961,564.5585,550.7451,736638
2022-09-27T00:00:00Z,MAWYN,463.4672,464.1317,467.5749,458.9768,795373
2022-09-27T00:00:00Z,MAWYW,727.0713,727.1238,751.3438,723.8323,830671
2022-09-27T00:00:00Z,MBTTD,2515.2260,2516.9597,2551.0683,2487.4419,777191
2022-09-27T00:00:00Z,MBZS,64.5959,64.5856,65.4644,62.1643,738038
2022-09-27T00:00:00Z,MCKL,651.1190,650.5116,652.8050,645.6031,769868
2022-09-27T00:00:00Z,MCM,865.0572,865.5351,900.2915,852.0673,744014
2022-09-27T00:00:00Z,MDP,113.7561,113.7369,114.3371,113.6737,858580
2022-09-27T00:00:00Z,MDU,400.6662,400.4577,406.0277,397.7752,877906
2022-09-27T00:00:00Z,MFEVA,564.3769,564.6296,574.4758,557.6148,853303
2022-09-27T00:00:00Z,MFK,1045.0363,1046.0593,1050.1488,1036.9544,783930
2022-09-27T00:00:00Z,MFOYS,572.1945,572.5633,573.8910,566.3961,762163
2022-09-27T00:00:00Z,MFZI,401.6398,401.3790,411.3121,394.7598,951540
2022-09-27T00:00:00Z,MGJ,1270.0143,1270.5130,1276.4154,1259.1469,811479
2022-09-27T00:00:00Z,MIH,823.5544,822.5596,826.0223,810.3977,801511
2022-09-27T00:00:00Z,MITJY,479.0118,479.2094,486.2273,478.2195,811531
2022-09-27T00:00:00Z,MJYL,342.2813,342.0072,345.0535,339.3019,826486
2022-09-27T00:00:00Z,MKNXR,72.0407,72.0692,72.4221,69.8230,775058
2022-09-27T00:00:00Z,MKO,220.5664,220.4748,224.8813,219.3351,737126
2022-09-27T00:00:00Z,MLFM,128.8872,128.8566,128.9123,128.3223,701437
2022-09-27T00:00:00Z,MNXEP,1207.4888,1208.1502,1212.9991,1199.6541,1088730
2022-09-27T00:00:00Z,MOJU,444.8362,444.6011,451.6041,439.7151,974366
2022-09-27T00:00:00Z,MOLPU,813.7790,813.9545,821.3298,806.2119,960661
2022-09-27T00:00:00Z,MONK,556.4934,556.5151,565.9727,551.2996,814836
2022-09-27T00:00:00Z,MOOIM,952.1651,951.8771,970.9925,942.3940,752075
2022-09-27T00:00:00Z,MOSWO,415.0260,414.9492,421.1863,412.8093,767294
2022-09-27T00:00:00Z,MPAHD,202.6480,202.6448,206.7624,202.0361,944910
2022-09-27T00:00:00Z,MPJM,593.4367,593.5415,599.8393,593.0207,905821
2022-09-27T00:00:00Z,MPU,420.5460,420.5206,421.4595,409.8284,922100
2022-09-27T00:00:00Z,MQH,202.9548,202.9433,204.7454,202.4630,817235
2022-09-27T00:00:00Z,MQJ,733.4230,733.1943,738.6881,732.2999,878627
2022-09-27T00:00:00Z,MRCO,219.7702,219.6680,222.1941,217.1366,944718
2022-09-27T00:00:00Z,MRI,1082.0087,1083.2569,1097.5307,1072.7332,924893
2022-09-27T00:00:00Z,MRSCT,1044.7904,1045.2333,1049.5680,1044.5133,966148
2022-09-27T00:00:00Z,MSLHS,836.4871,836.7720,840.0303,832.7233,756930
2022-09-27T00:00:00Z,MTWDE,963.9980,964.2550,966.8371,939.2106,814411
2022-09-27T00:00:00Z,MURH,376.4534,376.2627,378.3093,376.1286,787331
2022-09-27T00:00:00Z,MUSKV,1310.0367,1309.8069,1328.5973,1309.3492,846505
2022-09-27T00:00:00Z,MVXJK,1818.5213,1819.6969,1833.9722,1813.9689,739152
2022-09-27T00:00:00Z,MWMC,1004.9704,1005.3218,1036.7138,965.5691,722088
2022-09-27T00:00:00Z,MXS,1143.0997,1143.6568,1147.2516,1111.3002,928795
2022-09-27T00:00:00Z,MYA,446.1893,446.3802,452.9647,428.3560,674198
2022-09-27T00:00:00Z,MYB,2467.2977,2470.2935,2562.0154,2462.6082,929068
2022-09-27T00:00:00Z,MYUBS,952.3473,952.5645,959.9988,948.0161,769935
2022-09-27T00:00:00Z,MZI,49.0764,49.0923,49.4875,47.4697,894173
2022-09-27T00:00:00Z,MZXH,847.3649,847.1755,858.4000,842.3576,849237
2022-09-27T00:00:00Z,NBGWL,906.4873,906.3057,906.7947,898.3937,712091
2022-09-27T00:00:00Z,NCRE,1.1977,1.1972,1.2088,1.1887,753732
2022-09-27T00:00:00Z,NDE,579.3531,578.6202,581.2721,574.2331,711171
2022-09-27T00:00:00Z,NDFD,1080.3221,1080.3782,1116.7527,1079.8152,917603
2022-09-27T00:00:00Z,NEA,44.3489,44.3073,44.4852,43.7988,828628
2022-09-27T00:00:00Z,NEJHK,507.3399,507.6303,514.3002,507.0880,908063
2022-09-27T00:00:00Z,NFOR,30.5292,30.5265,30.8143,30.4593,730324
2022-09-27T00:00:00Z,NGDLP,460.1395,460.1584,468.9269,446.0837,803694
2022-09-27T00:00:00Z,NGMSD,968.5627,969.0470,982.1583,940.8445,750610
2022-09-27T00:00:00Z,NGQFX,661.6935,662.2056,670.9465,646.0874,935898
2022-09-27T00:00:00Z,NGXB,1829.8502,1832.0366,1856.9472,1807.8667,805088
2022-09-27T00:00:00Z,NGZQ,624.7467,624.9323,630.6570,618.1437,800174
2022-09-27T00:00:00Z,NHD,402.3298,402.3226,407.8648,396.6433,794321
2022-09-27T00:00:00Z,NHV,530.6738,530.9665,545.2212,522.8321,709718
2022-09-27T00:00:00Z,NIACK,164.6370,164.5005,170.7535,159.7800,777488
2022-09-27T00:00:00Z,NID,123.7560,123.7025,125.0678,122.3096,783763
2022-09-27T00:00:00Z,NIEX,1003.4911,1003.9951,1007.3668,992.5730,811696
2022-09-27T00:00:00Z,NJLOD,744.3507,744.0535,759.1268,743.1703,925529
2022-09-27T00:00:00Z,NKKDP,178.3536,178.1142,181.3985,174.4453,884187
2022-09-27T00:00:00Z,NKQ,556.3904,556.6673,561.4367,554.5807,804291
2022-09-27T00:00:00Z,NLUC,306.1297,306.0583,306.1862,304.6543,864996
2022-09-27T00:00:00Z,NLZBM,2089.6429,2090.4258,2100.2412,2068.7242,798545
2022-09-27T00:00:00Z,NMCB,189.9411,189.9830,195.3885,183.4703,739356
2022-09-27T00:00:00Z,NMRKV,11.5799,11.5825,11.7963,11.4519,754440
2022-09-27T00:00:00Z,NNLRD,280.7480,280.5617,280.8428,280.3335,805844
2022-09-27T00:00:00Z,NOI,121.9911,121.9779,122.9801,121.7647,926924
2022-09-27T00:00:00Z,NOT,414.0966,413.6775,419.1320,409.1788,845662
2022-09-27T00:00:00Z,NQFQF,354.0380,353.7994,365.4695,352.8869,755928
2022-09-27T00:00:00Z,NQH,913.2907,912.6019,920.1360,905.1241,830926
2022-09-27T00:00:00Z,NQK,66.2080,66.1766,66.3219,66.0131,784070
2022-09-27T00:00:00Z,NQQ,58.2528,58.1992,59.0757,58.1856,830428
2022-09-27T00:00:00Z,NQQXU,620.2680,620.3179,627.2451,614.7991,776958
2022-09-27T00:00:00Z,NRV,739.0965,737.9742,741.5637,722.8531,941042
2022-09-27T00:00:00Z,NRVIA,784.8648,784.7874,791.4989,780.6302,856047
2022-09-27T00:00:00Z,NSGJ,683.3224,683.2292,691.6050,675.0573,844982
2022-09-27T00:00:00Z,NSI,1839.6569,1841.2500,1881.4751,1794.1755,727544
2022-09-27T00:00:00Z,NSL,417.8063,417.6460,417.9479,414.1341,808719
2022-09-27T00:00:00Z,NSPYV,248.9524,248.7056,253.1100,245.8493,896945
2022-09-27T00:00:00Z,NSUHO,532.4853,532.6162,541.9209,522.7358,972712
2022-09-27T00:00:00Z,NTUX,371.9448,371.8794,375.2935,369.5087,639036
2022-09-27T00:00:00Z,NTVB,198.7873,198.5457,203.1226,198.2320,751872
2022-09-27T00:00:00Z,NTVC,218.7553,218.7868,221.5234,217.6252,850685
2022-09-27T00:00:00Z,NUTT,379.2928,379.3657,383.1297,374.4019,694496
2022-09-27T00:00:00Z,NWWHU,5.9968,6.0006,6.1360,5.9404,739701
2022-09-27T00:00:00Z,NXAS,327.0165,326.5517,327.1134,316.2865,833895
2022-09-27T00:00:00Z,NXJSV,1094.6427,1095.4727,1114.5117,1089.2406,766444
2022-09-27T00:00:00Z,NXMFC,1677.4884,1679.8498,1695.8111,1666.7854,848220
2022-09-27T00:00:00Z,NXVG,147.6332,147.6737,151.2892,146.2441,846481
2022-09-27T00:00:00Z,NYNU,533.1845,532.8433,543.2114,532.0637,924362
2022-09-27T00:00:00Z,NZM,434.1769,434.1033,437.6454,432.7532,721209
2022-09-27T00:00:00Z,OAKT,62.6790,62.7225,63.1152,61.4827,986152
2022-09-27T00:00:00Z,OANHZ,40.1500,40.1477,41.0254,40.1094,797624
2022-09-27T00:00:00Z,OBNT,610.8982,610.9091,613.1496,605.5727,768611
2022-09-27T00:00:00Z,OCLUD,491.3398,491.4707,493.7305,485.5668,778079
2022-09-27T00:00:00Z,ODSC,573.3788,573.5252,589.8096,568.2579,731292
2022-09-27T00:00:00Z,OEAB,985.4352,985.3824,990.2614,962.4224,906989
2022-09-27T00:00:00Z,OEJ,91.0076,91.0652,93.5976,90.9065,861475
2022-09-27T00:00:00Z,OER,425.0757,424.9784,425.2925,417.8112,855203
2022-09-27T00:00:00Z,OEZ,586.2837,586.4265,586.9081,576.9957,759402
2022-09-27T00:00:00Z,OGHK,2373.8591,2376.7916,2379.2643,2357.6219,816466
2022-09-27T00:00:00Z,OGJGR,1153.8087,1154.5851,1155.1078,1149.1289,808814
2022-09-27T00:00:00Z,OGKC,268.7669,268.7500,272.0293,263.2742,754040
2022-09-27T00:00:00Z,OIC,406.4586,406.3510,410.4830,395.1487,800900
2022-09-27T00:00:00Z,OJCX,184.9813,184.7781,185.5171,182.5957,699053
2022-09-27T00:00:00Z,OJLHF,436.1670,435.9151,442.8745,433.5578,749722
2022-09-27T00:00:00Z,OJOTJ,170.5203,170.4158,171.2894,167.2944,812932
2022-09-27T00:00:00Z,OLGTX,1902.0665,1903.6234,1907.3681,1863.2237,670211
2022-09-27T00:00:00Z,OLUN,687.6091,688.4918,696.0002,685.9377,733650
2022-09-27T00:00:00Z,OLZGG,667.4755,667.2247,668.8183,665.9644,999857
2022-09-27T00:00:00Z,OML,576.0904,576.2218,576.6314,569.8127,776584
2022-09-27T00:00:00Z,OMWIY,1228.9511,1230.0249,1231.7489,1184.1509,784860
2022-09-27T00:00:00Z,OMXN,642.6858,642.4810,642.8946,633.8491,825243
2022-09-27T00:00:00Z,ONCC,1251.2382,1252.1315,1264.3459,1239.7918,943670
2022-09-27T00:00:00Z,OOCC,608.0272,607.7832,609.3696,588.0895,769064
2022-09-27T00:00:00Z,OOCZ,911.8011,911.9173,926.7592,895.8569,742256
2022-09-27T00:00:00Z,OOEO,11.8255,11.8269,12.0780,11.3995,843794
2022-09-27T00:00:00Z,OOFG,408.3376,408.4202,419.8355,406.1223,820638
2022-09-27T00:00:00Z,OOX,1077.9612,1077.3491,1088.2391,1047.2570,824445
2022-09-27T00:00:00Z,OOZ,944.3017,944.5165,964.4578,935.9997,703419
2022-09-27T00:00:00Z,OPHR,302.3734,302.2653,305.8864,300.6030,832764
2022-09-27T00:00:00Z,OPUVG,226.1637,225.9889,227.3175,221.2532,829553
2022-09-27T00:00:00Z,OPUZH,1649.5013,1652.0795,1699.2424,1624.4150,861513
2022-09-27T00:00:00Z,ORLIV,282.1172,282.2619,282.8500,281.3630,728867
2022-09-27T00:00:00Z,ORWR,240.7763,241.0277,247.4867,235.6562,887456
2022-09-27T00:00:00Z,OSO,415.5945,415.5541,417.5387,412.6881,894676
2022-09-27T00:00:00Z,OTEN,485.0413,485.1688,487.2039,484.6699,852118
2022-09-27T00:00:00Z,OUJ,306.7987,306.7909,309.0415,300.8413,710013
2022-09-27T00:00:00Z,OUMN,793.1455,793.6557,799.8767,775.1571,907300
2022-09-27T00:00:00Z,OUTY,708.5845,709.2872,722.3253,702.8678,716045
2022-09-27T00:00:00Z,OYIT,914.9796,915.8084,932.4702,895.6945,959578
2022-09-27T00:00:00Z,OYNX,566.0495,565.9965,573.7381,549.5403,902800
2022-09-27T00:00:00Z,OYORH,745.8540,747.5597,767.9648,736.8792,822902
2022-09-27T00:00:00Z,OZK,646.6724,646.7065,666.5602,634.8312,844937
2022-09-27T00:00:00Z,OZRIN,189.0202,188.9879,190.4912,187.8153,748773
2022-09-27T00:00:00Z,PAG,876.1980,875.5166,878.7667,873.3375,878075
2022-09-27T00:00:00Z,PBBUP,36.6600,36.6838,37.2877,35.8033,903828
2022-09-27T00:00:00Z,PCLX,430.0816,430.2387,437.9443,421.4324,747291
2022-09-27T00:00:00Z,PDTOU,159.3011,159.3384,160.6674,157.8582,898402
2022-09-27T00:00:00Z,PEJ,69.2169,69.2053,69.6010,68.9268,729767
2022-09-27T00:00:00Z,PFCH,752.0859,751.4987,752.4344,743.9723,750800
2022-09-27T00:00:00Z,PHT,352.3416,352.4813,354.8569,347.2215,843888
2022-09-27T00:00:00Z,PITTD,405.3815,405.3681,410.0673,404.7487,1017290
2022-09-27T00:00:00Z,PJAWE,284.6819,284.6812,286.0718,277.9896,825626
2022-09-27T00:00:00Z,PJEX,338.0779,338.0551,341.0307,334.8314,718717
2022-09-27T00:00:00Z,PJSQE,2109.6525,2111.3582,2149.5465,2100.8639,806531
2022-09-27T00:00:00Z,PJUHG,1626.9945,1628.2642,1647.1899,1601.4140,886311
2022-09-27T00:00:00Z,PKGZ,1063.2227,1063.6748,1079.7144,1060.0604,949823
2022-09-27T00:00:00Z,PLUGD,837.6343,836.8528,857.6346,828.4133,690483
2022-09-27T00:00:00Z,PNKI,490.1792,489.9196,496.7021,480.5488,840880
2022-09-27T00:00:00Z,PNM,251.5814,251.5146,254.0694,250.9110,710606
2022-09-27T00:00:00Z,POAS,109.0646,109.0132,109.5150,108.4842,821306
2022-09-27T00:00:00Z,POJJ,406.4797,406.2091,408.1414,402.6670,823129
2022-09-27T00:00:00Z,POMIR,383.3183,383.2042,387.3020,383.1717,828274
2022-09-27T00:00:00Z,POSSK,223.1766,223.3481,224.0530,213.9846,791755
2022-09-27T00:00:00Z,PQAYV,1150.6694,1152.4392,1172.8098,1150.1110,809641
2022-09-27T00:00:00Z,PQK,38.1954,38.2061,39.2071,38.1418,831133
2022-09-27T00:00:00Z,PQQON,968.1537,968.5931,975.2756,952.8383,815262
2022-09-27T00:00:00Z,PRBKQ,1065.8362,1066.1133,1083.5540,1040.9161,905703
2022-09-27T00:00:00Z,PRJ,1048.0243,1048.5453,1051.0309,1010.6718,858448
2022-09-27T00:00:00Z,PSBT,1325.0279,1326.6102,1329.6421,1310.9364,839251
2022-09-27T00:00:00Z,PSBYC,2375.6257,2377.7803,2390.4629,2337.0231,784864
2022-09-27T00:00:00Z,PSNV,427.6607,427.3290,435.0043,421.2598,810629
2022-09-27T00:00:00Z,PTCVZ,1041.3876,1042.6228,1066.3895,1028.1496,712461
2022-09-27T00:00:00Z,PUFCF,225.0253,224.9895,226.9648,219.3641,962069
2022-09-27T00:00:00Z,PUN,605.4469,605.4622,611.2967,599.3934,675143
2022-09-27T00:00:00Z,PUOE,890.2095,890.0704,900.8756,882.4503,978376
2022-09-27T00:00:00Z,PUQV,158.6895,158.6363,159.4835,157.9829,843132
2022-09-27T00:00:00Z,PVAU,1736.4757,1738.0820,1742.3683,1732.8589,879342
2022-09-27T00:00:00Z,PVRH,834.1253,834.2164,836.9206,824.5675,803807
2022-09-27T00:00:00Z,PVWDO,28.1586,28.1490,28.5636,27.8595,840100
2022-09-27T00:00:00Z,PWETB,186.8046,186.7326,191.0083,182.7504,772667
2022-09-27T00:00:00Z,PXNV,2063.1743,2064.6950,2068.3923,2027.4744,718293
2022-09-27T00:00:00Z,PYBXN,101.1133,101.1365,103.6578,100.6069,995486
2022-09-27T00:00:00Z,PYJRG,787.0230,787.9309,788.2416,770.4829,892595
2022-09-27T00:00:00Z,PYO,559.4075,559.4768,563.7875,553.3540,922705
2022-09-27T00:00:00Z,PYSS,743.4500,744.0727,756.2185,725.4987,832534
2022-09-27T00:00:00Z,PZVHJ,1243.4306,1243.8821,1260.0443,1217.2044,731605
2022-09-27T00:00:00Z,QBZ,1410.4972,1411.6283,1422.6759,1390.5354,692569
2022-09-27T00:00:00Z,QCKOA,209.1882,209.1881,209.7790,205.2046,775345
2022-09-27T00:00:00Z,QEQA,483.9893,483.7389,489.8055,477.8449,842496
2022-09-27T00:00:00Z,QEZLX,453.5595,453.7083,457.4234,450.2894,797766
2022-09-27T00:00:00Z,QEZS,216.4396,216.3877,217.4388,213.7893,866517
2022-09-27T00:00:00Z,QGC,566.9610,566.1502,571.9345,549.7394,782587
2022-09-27T00:00:00Z,QGJ,449.5482,449.5335,451.7004,446.3839,866968
2022-09-27T00:00:00Z,QGXD,432.0816,432.1747,432.2627,426.2909,848987
2022-09-27T00:00:00Z,QHKZE,533.5565,533.8499,538.5091,532.9030,623529
2022-09-27T00:00:00Z,QHQE,305.9341,305.8858,307.3935,303.1534,772852
2022-09-27T00:00:00Z,QIJWM,494.3498,494.9391,506.6045,492.5133,923054
2022-09-27T00:00:00Z,QIZZ,948.2412,948.8276,977.7936,926.6897,786023
2022-09-27T00:00:00Z,QKGLU,1433.1662,1433.4937,1450.8832,1420.2565,886551
2022-09-27T00:00:00Z,QKP,100.4560,100.3893,103.2256,100.1070,794242
2022-09-27T00:00:00Z,QLRI,1336.5891,1336.2156,1338.7688,1315.5284,936587
2022-09-27T00:00:00Z,QLRX,263.4966,263.4044,265.3599,258.1048,742796
2022-09-27T00:00:00Z,QLSMR,1001.5903,1001.2785,1009.4952,994.9968,967671
2022-09-27T00:00:00Z,QLZG,360.5370,360.5663,361.6429,359.6273,707209
2022-09-27T00:00:00Z,QMCFQ,573.4808,573.3604,585.7775,564.3102,721287
2022-09-27T00:00:00Z,QMZX,440.7617,440.9780,443.7020,433.4219,707460
2022-09-27T00:00:00Z,QND,247.8607,247.8799,250.6145,244.8600,802456
2022-09-27T00:00:00Z,QNE,2740.0804,2742.7363,2777.2526,2697.3764,710976
2022-09-27T00:00:00Z,QNKS,83.1430,83.0649,84.8155,81.9238,892363
2022-09-27T00:00:00Z,QNWZ,1252.7657,1253.6668,1270.9614,1241.4834,803450
2022-09-27T00:00:00Z,QOIZN,727.7825,727.9749,744.5696,719.4608,1018798
2022-09-27T00:00:00Z,QOWB,549.4402,549.3577,554.6873,546.5224,784075
2022-09-27T00:00:00Z,QPC,416.8870,417.0802,419.3589,403.9650,764785
2022-09-27T00:00:00Z,QPESE,625.1523,625.2136,627.3402,611.1860,1070628
2022-09-27T00:00:00Z,QQM,1062.2436,1062.9712,1076.9252,1043.6449,794850
2022-09-27T00:00:00Z,QRS,627.4407,627.3934,633.8104,619.5405,824741
2022-09-27T00:00:00Z,QSAI,496.6149,496.2735,500.5895,486.7649,746953
2022-09-27T00:00:00Z,QSC,1735.4155,1737.1756,1758.7596,1720.1716,701324
2022-09-27T00:00:00Z,QTSFL,683.6764,685.9889,689.2582,667.8287,807101
2022-09-27T00:00:00Z,QUBR,15.4475,15.4517,15.5697,15.3225,950611
2022-09-27T00:00:00Z,QUCS,14.4230,14.4374,14.6530,14.3107,917653
2022-09-27T00:00:00Z,QVBU,76.0307,76.0198,76.8862,75.2004,898238
2022-09-27T00:00:00Z,QVNJX,447.5274,447.2186,454.8678,432.7573,699958
2022-09-27T00:00:00Z,QVPTF,149.9652,149.5292,151.3371,146.4620,767932
2022-09-27T00:00:00Z,QVSL,1649.9295,1651.3480,1655.6227,1626.0391,792869
2022-09-27T00:00:00Z,QWC,247.6942,247.6649,257.5068,247.0377,791805
2022-09-27T00:00:00Z,QWO,567.5170,567.2315,577.7062,564.7416,868957
2022-09-27T00:00:00Z,QWPSB,167.8966,167.7624,170.2309,164.0408,904452
2022-09-27T00:00:00Z,QXIL,34.8393,34.8343,35.4376,34.6000,993719
2022-09-27T00:00:00Z,QXMO,846.7152,846.8892,860.1554,836.9376,812802
2022-09-27T00:00:00Z,QYAWD,35.0197,34.9649,35.8410,34.7483,871530
2022-09-27T00:00:00Z,QYTD,829.2956,829.3513,846.7117,827.9632,882587
2022-09-27T00:00:00Z,QYXRA,916.6214,916.5306,924.4248,902.1194,719641
2022-09-27T00:00:00Z,QZIUC,287.8505,288.0870,297.2631,282.0554,732805
2022-09-27T00:00:00Z,QZIZI,769.3055,769.8834,774.0818,752.9154,899888
2022-09-27T00:00:00Z,RASVZ,154.4462,154.5683,157.6433,151.9824,729099
2022-09-27T00:00:00Z,RBQI,1574.1481,1574.8671,1622.8529,1527.7083,852160
2022-09-27T00:00:00Z,RBSSW,105.5442,105.5423,105.8763,105.1168,932953
2022-09-27T00:00:00Z,RDCQB,493.6270,493.2133,494.7922,485.6594,1015249
2022-09-27T00:00:00Z,RDHG,216.4026,216.1839,219.7311,215.9049,777432
2022-09-27T00:00:00Z,RDKX,893.4862,893.7516,911.9380,883.5694,859162
2022-09-27T00:00:00Z,RDVYC,802.0558,802.1880,807.8751,794.4440,865329
2022-09-27T00:00:00Z,RDXN,647.0611,646.9081,649.6461,630.9589,920224
2022-09-27T00:00:00Z,REK,287.5909,287.7589,292.4617,285.7266,784756
2022-09-27T00:00:00Z,REWAF,226.6435,226.8244,228.0264,220.5684,760500
2022-09-27T00:00:00Z,REZ,105.4473,105.3934,106.2942,104.7101,788239
2022-09-27T00:00:00Z,RFC,277.5263,277.3769,282.6360,271.9834,763583
2022-09-27T00:00:00Z,RFF,700.7162,700.5342,706.1800,686.6251,790798
2022-09-27T00:00:00Z,RFJMR,45.5262,45.5017,46.3834,45.3335,824011
2022-09-27T00:00:00Z,RHI,1003.1316,1003.9128,1009.7067,965.0223,755553
2022-09-27T00:00:00Z,RJBRI,806.5971,806.1225,817.3370,791.9359,872065
2022-09-27T00:00:00Z,RJK,663.0785,662.9547,670.3271,647.2284,897903
2022-09-27T00:00:00Z,RJOI,2165.5402,2167.9892,2193.7403,2160.3087,696979
2022-09-27T00:00:00Z,RJXNG,438.2286,438.0158,441.5448,436.9781,781525
2022-09-27T00:00:00Z,RKKWR,1420.2845,1421.3213,1431.2859,1403.1277,1027997
2022-09-27T00:00:00Z,RKTA,201.5266,201.4854,202.9069,199.6023,892454
2022-09-27T00:00:00Z,RKTWL,555.9967,555.7122,560.6453,551.1302,812636
2022-09-27T00:00:00Z,RKUX,492.5667,492.4448,496.8027,490.3233,754270
2022-09-27T00:00:00Z,RKVOC,51.9683,51.9515,53.2594,51.9296,919112
2022-09-27T00:00:00Z,RMAH,325.0095,324.9169,325.7278,321.3013,778672
2022-09-27T00:00:00Z,RMG,993.7031,993.6632,999.0772,977.7451,826461
2022-09-27T00:00:00Z,RNQ,423.2443,423.6120,431.8069,419.2928,700535
2022-09-27T00:00:00Z,ROB,2169.8874,2171.8236,2188.2113,2144.3265,899121
2022-09-27T00:00:00Z,ROBIQ,236.4002,236.1454,242.7109,233.1139,786020
2022-09-27T00:00:00Z,ROJT,99.8526,99.9147,102.4989,98.8842,798302
2022-09-27T00:00:00Z,RONV,4530.2089,4536.6336,4639.0790,4461.3429,794816
2022-09-27T00:00:00Z,RQG,196.5978,196.7552,200.2471,192.3551,843282
2022-09-27T00:00:00Z,RRJ,577.5091,577.8587,578.8670,576.3917,700757
2022-09-27T00:00:00Z,RSDOV,826.4430,826.2154,857.3520,823.9822,836291
2022-09-27T00:00:00Z,RTYK,81.6024,81.5756,82.1252,80.7964,764287
2022-09-27T00:00:00Z,RXQH,514.4414,514.6355,517.8400,512.0664,777984
2022-09-27T00:00:00Z,RXV,1033.9339,1034.8548,1037.5751,1007.5603,892814
2022-09-27T00:00:00Z,RXWM,989.6259,990.8660,995.7576,982.5668,858027
2022-09-27T00:00:00Z,RYQE,61.1854,61.1605,62.5012,60.2552,765995
2022-09-27T00:00:00Z,RZPY,502.7255,502.8317,510.4555,489.2787,808815
2022-09-27T00:00:00Z,RZZ,279.3013,279.3642,285.0487,274.6961,776482
2022-09-27T00:00:00Z,SABE,28.3681,28.3668,28.8000,27.5989,811902
2022-09-27T00:00:00Z,SAXRY,119.0711,119.1355,119.9496,115.7332,806149
2022-09-27T00:00:00Z,SBJ,480.2766,479.9916,483.9609,469.2591,867356
2022-09-27T00:00:00Z,SBVIC,651.4440,651.0970,667.1150,648.0263,740705
2022-09-27T00:00:00Z,SCECB,30.4891,30.5027,31.3755,30.1345,914049
2022-09-27T00:00:00Z,SCK,856.8158,857.8841,867.5199,853.3423,731913
2022-09-27T00:00:00Z,SEHZP,624.0132,624.2176,624.7040,619.1371,722214
2022-09-27T00:00:00Z,SFQ,2.2975,2.2979,2.3099,2.2970,873653
2022-09-27T00:00:00Z,SHAYC,46.0731,46.0723,46.4391,45.9955,903683
2022-09-27T00:00:00Z,SIAFS,418.3548,418.2001,425.5971,417.8071,847842
2022-09-27T00:00:00Z,SJLUG,139.0722,139.0018,143.1761,137.9606,733901
2022-09-27T00:00:00Z,SJZC,301.7589,301.6256,310.3359,301.2694,885141
2022-09-27T00:00:00Z,SLCU,265.0580,264.9113,270.2114,263.8596,865415
2022-09-27T00:00:00Z,SLQP,4.6280,4.6273,4.6950,4.5135,874910
2022-09-27T00:00:00Z,SLRY,685.9115,685.5509,693.5303,677.9281,856336
2022-09-27T00:00:00Z,SMFC,774.9442,775.1067,779.5767,773.8149,748729
2022-09-27T00:00:00Z,SMGRA,399.7984,399.7031,405.4697,393.1015,796371
2022-09-27T00:00:00Z,SND,694.8186,695.0620,709.1139,692.2724,734528
2022-09-27T00:00:00Z,SNZBL,667.0787,666.9271,676.6383,645.7236,873117
2022-09-27T00:00:00Z,SOHH,1319.9580,1320.4502,1347.4811,1271.1207,773819
2022-09-27T00:00:00Z,SPZRA,131.9857,132.1104,134.3284,131.8374,769646
2022-09-27T00:00:00Z,SQH,208.0193,208.0401,208.6628,207.5522,912452
2022-09-27T00:00:00Z,SQZOM,254.7614,254.7667,255.8304,249.5111,749333
2022-09-27T00:00:00Z,SRPI,403.8863,403.6096,410.1161,393.6003,1008457
2022-09-27T00:00:00Z,SRXDS,753.4846,753.9982,762.7339,743.7201,845182
2022-09-27T00:00:00Z,SRXNW,152.8527,152.9078,156.7660,152.2283,744433
2022-09-27T00:00:00Z,SSNOZ,572.0845,572.0798,574.4494,562.6916,819604
2022-09-27T00:00:00Z,SUB,505.8587,505.5250,514.5362,500.9227,853113
2022-09-27T00:00:00Z,SWUKZ,227.1551,226.9832,228.5047,224.4040,834923
2022-09-27T00:00:00Z,SXB,253.6319,253.5210,255.4223,250.1515,795134
2022-09-27T00:00:00Z,SXRVQ,83.2740,83.3035,84.2855,83.2509,757864
2022-09-27T00:00:00Z,SYK,1794.2640,1795.9408,1868.6222,1791.3288,868362
2022-09-27T00:00:00Z,SYQ,704.7915,703.7842,715.3942,688.2754,760515
2022-09-27T00:00:00Z,SYZXC,284.3456,284.0530,286.1786,280.7628,842625
2022-09-27T00:00:00Z,TAJS,885.7801,886.1601,891.4839,869.1175,798446
2022-09-27T00:00:00Z,TARPY,172.1234,172.0030,175.0951,168.6399,741248
2022-09-27T00:00:00Z,TDN,683.9700,684.0624,700.1351,679.8378,766248
2022-09-27T00:00:00Z,TEDO,644.4714,644.5254,653.7622,636.3899,984884
2022-09-27T00:00:00Z,TEH,254.1531,254.2315,257.3023,253.1617,875087
2022-09-27T00:00:00Z,TERIC,198.8958,198.9330,200.9420,198.8174,819560
2022-09-27T00:00:00Z,TFNN,582.8340,582.6768,593.5129,576.9305,783872
2022-09-27T00:00:00Z,TGG,1179.9962,1180.4556,1197.2569,1154.2374,737467
2022-09-27T00:00:00Z,TGJZ,507.4557,507.4643,515.9088,502.0834,701292
2022-09-27T00:00:00Z,THB,561.2441,562.0897,570.9187,553.2911,829895
2022-09-27T00:00:00Z,THMNK,782.7765,783.2926,788.4829,767.9509,736110
2022-09-27T00:00:00Z,THP,72.9695,72.9444,73.2854,72.2622,815072
2022-09-27T00:00:00Z,THX,304.2780,304.0570,306.8269,299.6206,764757
2022-09-27T00:00:00Z,TIBOV,410.0953,409.9425,410.3195,407.1332,759748
2022-09-27T00:00:00Z,TIHE,1440.6482,1440.8421,1443.3088,1435.2933,1028024
2022-09-27T00:00:00Z,TKCQJ,542.8912,543.8838,546.5039,526.0298,936845
2022-09-27T00:00:00Z,TKIKS,498.7056,499.1555,503.1265,492.8054,846615
2022-09-27T00:00:00Z,TLF,26.2310,26.2152,26.5393,25.5870,736783
2022-09-27T00:00:00Z,TLSP,13.6807,13.6719,13.8254,13.6124,710229
2022-09-27T00:00:00Z,TMJ,1575.6489,1576.3904,1584.2774,1552.3939,896134
2022-09-27T00:00:00Z,TMP,395.8753,395.9724,398.6103,390.1273,738887
2022-09-27T00:00:00Z,TNCQV,561.2310,561.6460,573.7337,546.2851,844706
2022-09-27T00:00:00Z,TNLE,906.6347,907.4599,924.1616,900.6670,941941
2022-09-27T00:00:00Z,TNT,1278.2129,1279.3179,1288.4042,1275.9177,838486
2022-09-27T00:00:00Z,TOG,465.0448,464.9005,468.5357,456.1370,736307
2022-09-27T00:00:00Z,TOP,460.7112,460.7062,467.6520,456.8123,913078
2022-09-27T00:00:00Z,TOU,1645.2311,1646.6970,1670.9935,1643.0683,911041
2022-09-27T00:00:00Z,TPAF,461.1372,460.7617,474.9258,451.7698,881326
2022-09-27T00:00:00Z,TQSX,21.6620,21.6709,22.0324,21.6181,851519
2022-09-27T00:00:00Z,TSK,157.9110,157.7846,158.8556,157.2051,712713
2022-09-27T00:00:00Z,TSWLM,456.2148,456.2482,459.2304,452.3948,792653
2022-09-27T00:00:00Z,TTH,954.5429,954.7584,956.2367,952.4600,889920
2022-09-27T00:00:00Z,TTLY,349.5916,349.5023,357.3827,349.2681,822121
2022-09-27T00:00:00Z,TTWV,188.5823,188.5964,193.7978,183.5940,785209
2022-09-27T00:00:00Z,TXUUP,790.9522,792.3646,813.0554,778.1583,764153
2022-09-27T00:00:00Z,TXX,749.8992,750.0432,751.4760,748.3931,800916
2022-09-27T00:00:00Z,TZC,802.4857,802.4833,804.2471,793.4497,726127
2022-09-27T00:00:00Z,UAOYK,1087.6413,1087.8197,1088.8766,1077.4472,833260
2022-09-27T00:00:00Z,UAU,1089.2198,1089.3722,1115.9217,1080.5678,970399
2022-09-27T00:00:00Z,UBSKU,1510.8143,1512.0307,1522.1458,1467.4203,715096
2022-09-27T00:00:00Z,UCFR,139.3712,139.3624,139.4808,138.5071,950531
2022-09-27T00:00:00Z,UDC,52.6544,52.6353,53.5190,51.7304,749449
2022-09-27T00:00:00Z,UFPEH,853.1565,853.1645,881.8925,845.8918,782174
2022-09-27T00:00:00Z,UFU,1051.6702,1052.3627,1053.4211,1010.0928,798162
2022-09-27T00:00:00Z,UFUF,20.0525,20.0463,20.0620,20.0010,989970
2022-09-27T00:00:00Z,UGD,886.8116,887.1418,905.9819,885.0630,969322
2022-09-27T00:00:00Z,UGFOQ,985.9225,985.8841,988.3639,980.4629,718955
2022-09-27T00:00:00Z,UIHUJ,239.1015,239.1480,241.2952,233.7822,850854
2022-09-27T00:00:00Z,UIKD,334.6873,334.5387,339.6702,325.9913,854150
2022-09-27T00:00:00Z,UIVYB,11.5192,11.5116,11.5796,11.5064,673723
2022-09-27T00:00:00Z,UJLJN,577.7654,577.5168,585.0473,569.5207,853330
2022-09-27T00:00:00Z,UJPT,651.3574,651.1999,664.9302,645.6997,752891
2022-09-27T00:00:00Z,UJQUQ,1043.3212,1043.9328,1061.1160,1021.1956,741537
2022-09-27T00:00:00Z,UKJ,96.6922,96.6936,98.0605,95.1072,735091
2022-09-27T00:00:00Z,ULDNI,413.9344,413.7694,418.4664,408.9611,643223
2022-09-27T00:00:00Z,UMPJC,803.2283,803.2176,819.5004,789.0053,850292
2022-09-27T00:00:00Z,UPV,145.0645,145.2570,148.8023,143.7862,809681
2022-09-27T00:00:00Z,URHTV,566.2675,566.3371,572.7285,563.4146,821907
2022-09-27T00:00:00Z,URQYJ,33.8786,33.8328,35.1200,33.3356,857815
2022-09-27T00:00:00Z,USFP,763.5677,763.5900,769.8644,742.8177,861106
2022-09-27T00:00:00Z,USOZ,402.8020,402.7166,406.9664,395.3663,783905
2022-09-27T00:00:00Z,USRM,208.5904,208.9256,214.8902,207.7395,818550
2022-09-27T00:00:00Z,USVXZ,122.0497,121.9851,123.2895,121.0707,874597
2022-09-27T00:00:00Z,UTDZ,601.9056,602.3766,619.3015,593.7537,868916
2022-09-27T00:00:00Z,UUE,522.9026,522.6283,531.5170,514.1935,792007
2022-09-27T00:00:00Z,UVU,1090.8307,1091.4586,1118.0365,1071.0623,799689
2022-09-27T00:00:00Z,UWVG,374.6398,374.5886,376.3108,370.1648,925073
2022-09-27T00:00:00Z,UXRNV,191.7865,191.6282,194.0218,191.6046,729843
2022-09-27T00:00:00Z,UZQ,844.9464,844.9871,859.5915,837.2137,713310
2022-09-27T00:00:00Z,UZW,793.1237,793.4981,802.9763,771.5879,943668
2022-09-27T00:00:00Z,UZXTV,225.6287,225.4886,231.7989,223.8091,810131
2022-09-27T00:00:00Z,VAMYB,881.0351,881.1100,891.0581,856.6955,894598
2022-09-27T00:00:00Z,VCABW,147.5167,147.6781,149.2491,146.7543,926432
2022-09-27T00:00:00Z,VCRPI,32.7148,32.7031,33.2336,32.0001,760755
2022-09-27T00:00:00Z,VCX,232.8125,232.8434,235.8675,225.8674,837791
2022-09-27T00:00:00Z,VDTG,87.2627,87.3499,87.6673,86.8072,785359
2022-09-27T00:00:00Z,VFKM,372.9506,373.1282,382.7378,369.5811,847024
2022-09-27T00:00:00Z,VGX,2174.4483,2177.2935,2193.7647,2123.2845,814130
2022-09-27T00:00:00Z,VHFUP,234.9262,235.0288,237.3540,233.8626,755332
2022-09-27T00:00:00Z,VHH,227.3017,227.3422,231.4674,224.0224,816795
2022-09-27T00:00:00Z,VIT,92.2024,92.1257,93.1469,91.9166,871067
2022-09-27T00:00:00Z,VJULB,321.0938,321.1326,321.3718,313.0573,854921
2022-09-27T00:00:00Z,VKAR,1184.5050,1184.3660,1189.7974,1164.6137,819592
2022-09-27T00:00:00Z,VKB,219.2624,219.3770,224.5181,216.1030,807463
2022-09-27T00:00:00Z,VKNW,1114.0412,1114.4230,1116.1370,1101.8146,881773
2022-09-27T00:00:00Z,VMN,742.2839,742.6703,762.8344,731.2661,813182
2022-09-27T00:00:00Z,VMP,509.9582,510.3569,517.2311,503.9050,833693
2022-09-27T00:00:00Z,VNAD,78.7542,78.7355,80.3022,78.5061,853727
2022-09-27T00:00:00Z,VNH,1544.4631,1545.0029,1550.8098,1530.0220,919621
2022-09-27T00:00:00Z,VODR,44.8650,44.8442,45.3104,43.8869,848366
2022-09-27T00:00:00Z,VOYZR,3.3998,3.3965,3.4430,3.3462,662353
2022-09-27T00:00:00Z,VPULR,705.4851,705.3914,715.8464,698.1085,779118
2022-09-27T00:00:00Z,VQPD,462.9132,462.1774,464.1866,460.4474,862345
2022-09-27T00:00:00Z,VQU,1019.7635,1021.4562,1037.0786,1019.4829,740470
2022-09-27T00:00:00Z,VQVS,218.4741,218.2379,222.1728,215.3271,771965
2022-09-27T00:00:00Z,VRH,305.1222,304.8401,305.7465,302.2289,880859
2022-09-27T00:00:00Z,VRZ,731.4874,731.6970,739.9278,725.7248,760237
2022-09-27T00:00:00Z,VSU,324.9114,324.6536,325.8765,324.5351,926057
2022-09-27T00:00:00Z,VTRPU,51.6036,51.5479,53.9661,51.0419,909514
2022-09-27T00:00:00Z,VTZ,56.5185,56.4253,57.1539,55.7145,831175
2022-09-27T00:00:00Z,VUFA,341.0189,341.0324,344.6657,339.3871,746987
2022-09-27T00:00:00Z,VXNOO,564.4409,564.5965,566.1882,555.8599,897346
2022-09-27T00:00:00Z,VXSQ,515.0914,515.4715,528.1093,510.6756,966677
2022-09-27T00:00:00Z,VYFPM,238.8600,238.9538,242.8050,230.5172,767669
2022-09-27T00:00:00Z,VYUH,437.2431,437.3021,437.3502,435.3298,913483
2022-09-27T00:00:00Z,WAFVV,474.3454,474.1706,475.6612,470.0337,866465
2022-09-27T00:00:00Z,WAQG,991.7855,992.3350,996.5224,989.3565,819592
2022-09-27T00:00:00Z,WASRN,808.1064,808.2790,830.8000,799.6158,789026
2022-09-27T00:00:00Z,WAV,46.2883,46.2326,47.9575,45.7847,824593
2022-09-27T00:00:00Z,WBG,627.3454,627.2262,630.2165,625.4021,878598
2022-09-27T00:00:00Z,WCBYY,294.2072,294.1465,297.8211,291.5873,793637
2022-09-27T00:00:00Z,WDVF,673.3435,673.8404,692.7193,655.6337,939091
2022-09-27T00:00:00Z,WDZKD,726.4503,726.1633,727.1087,711.6066,809534
2022-09-27T00:00:00Z,WECDG,200.1606,200.2567,205.2332,194.0961,743578
2022-09-27T00:00:00Z,WEG,622.1690,622.3872,626.9822,613.8453,803735
2022-09-27T00:00:00Z,WHW,1688.2487,1689.2056,1703.2173,1683.5342,860950
2022-09-27T00:00:00Z,WICNH,623.9826,624.0453,651.7140,617.9380,1041045
2022-09-27T00:00:00Z,WID,563.6209,563.6696,564.0662,561.4124,906691
2022-09-27T00:00:00Z,WIMZ,1026.0823,1025.8752,1026.6201,1011.2814,984527
2022-09-27T00:00:00Z,WIS,721.3263,722.0769,741.1709,707.9524,839550
2022-09-27T00:00:00Z,WKQEY,382.8626,382.5625,383.8093,381.0114,867237
2022-09-27T00:00:00Z,WKYOP,642.0426,642.0870,645.4431,627.6144,838894
2022-09-27T00:00:00Z,WLN,372.7434,372.9479,382.7778,359.7897,901706
2022-09-27T00:00:00Z,WLW,43.3044,43.3105,43.6419,43.1833,861750
2022-09-27T00:00:00Z,WMF,72.2533,72.2197,72.3326,69.6710,776669
2022-09-27T00:00:00Z,WNT,150.6457,150.7607,151.5991,148.9508,734039
2022-09-27T00:00:00Z,WOJR,615.8627,615.7217,629.2682,607.0402,804281
2022-09-27T00:00:00Z,WOO,1946.2096,1949.7269,1970.0173,1930.3848,846606
2022-09-27T00:00:00Z,WQR,331.4757,331.4279,331.5885,328.8692,924512
2022-09-27T00:00:00Z,WQY,172.0763,172.0662,173.6114,171.8852,843017
2022-09-27T00:00:00Z,WRI,937.3621,936.9847,937.9370,929.0718,1010778
2022-09-27T00:00:00Z,WRL,33.7723,33.7565,33.8078,33.6839,824938
2022-09-27T00:00:00Z,WRZF,658.1778,658.6191,659.9062,652.0160,1135437
2022-09-27T00:00:00Z,WSYQF,218.4161,218.3447,225.7175,216.6638,853174
2022-09-27T00:00:00Z,WTAOP,168.0221,167.9160,169.0969,162.1734,831396
2022-09-27T00:00:00Z,WVAW,822.7413,822.9134,840.8061,802.8909,817140
2022-09-27T00:00:00Z,WWJE,1602.3347,1603.2299,1620.1448,1581.9501,859459
2022-09-27T00:00:00Z,WWWG,932.8245,933.5671,960.0628,914.3302,773761
2022-09-27T00:00:00Z,WWY,145.3558,145.3684,147.1039,142.7047,827201
2022-09-27T00:00:00Z,WYQQB,82.2453,82.2805,83.3513,81.9146,693802
2022-09-27T00:00:00Z,XCKAF,421.1777,420.9680,424.3234,414.6036,722398
2022-09-27T00:00:00Z,XEAK,197.1708,197.1154,198.3170,195.9224,775607
2022-09-27T00:00:00Z,XEPQ,63.9532,64.0223,64.0780,63.6436,752724
2022-09-27T00:00:00Z,XEW,356.2416,356.2155,357.7456,349.7314,881749
2022-09-27T00:00:00Z,XFNEW,78.7997,78.8149,80.3474,76.8314,740282
2022-09-27T00:00:00Z,XFXRO,507.1015,507.7033,508.4798,499.5908,864242
2022-09-27T00:00:00Z,XGGH,390.3611,390.3377,392.9828,386.4440,1034121
2022-09-27T00:00:00Z,XKFZ,832.8530,833.3692,839.3802,823.3235,954915
2022-09-27T00:00:00Z,XMDWL,282.4687,282.3415,284.9220,278.0217,834069
2022-09-27T00:00:00Z,XMLH,1291.5287,1292.4624,1309.7476,1253.6071,646750
2022-09-27T00:00:00Z,XOBEH,1233.1579,1233.6508,1271.4665,1200.1685,902332
2022-09-27T00:00:00Z,XOZV,353.4204,353.8108,364.3346,349.4926,720247
2022-09-27T00:00:00Z,XPMCJ,98.9265,98.9614,99.4527,98.0552,1040613
2022-09-27T00:00:00Z,XPRI,174.7251,174.7069,176.8736,174.4005,793746
2022-09-27T00:00:00Z,XQL,388.1036,388.2352,388.4256,384.2184,827179
2022-09-27T00:00:00Z,XREL,648.9420,649.1378,669.0778,626.1172,769839
2022-09-27T00:00:00Z,XRGML,229.3996,229.4531,237.1919,229.3065,906227
2022-09-27T00:00:00Z,XUQ,1081.3544,1080.8384,1092.2096,1073.2026,859885
2022-09-27T00:00:00Z,XUWX,206.7786,206.9813,207.8252,206.1342,702473
2022-09-27T00:00:00Z,XVB,399.4406,399.4644,400.1687,394.7107,766177
2022-09-27T00:00:00Z,XVGQO,130.9774,130.9382,131.3309,130.8904,900875
2022-09-27T00:00:00Z,XVI,307.5434,307.1200,309.1056,302.9479,863443
2022-09-27T00:00:00Z,XYKK,444.8902,444.8187,445.1612,444.4906,791254
2022-09-27T00:00:00Z,YADL,875.7554,875.2621,884.0128,860.7313,782817
2022-09-27T00:00:00Z,YAV,270.6642,270.8439,272.5352,266.7000,915443
2022-09-27T00:00:00Z,YBEJ,413.5074,413.3888,417.1677,411.1294,695417
2022-09-27T00:00:00Z,YBU,298.0389,297.9449,300.2605,296.8766,943101
2022-09-27T00:00:00Z,YBY,127.8400,127.7055,129.2382,124.7279,815887
2022-09-27T00:00:00Z,YCPXB,454.3151,454.6220,455.6904,449.9709,757825
2022-09-27T00:00:00Z,YCS,378.4549,378.4177,380.5844,377.2598,785315
2022-09-27T00:00:00Z,YCYR,197.3602,197.5016,200.2355,195.1400,900761
2022-09-27T00:00:00Z,YENP,49.6786,49.7012,49.7769,49.1781,749220
2022-09-27T00:00:00Z,YFA,701.0373,701.1934,714.0260,690.0866,894617
2022-09-27T00:00:00Z,YGKE,312.7950,312.5519,315.0412,307.0394,840468
2022-09-27T00:00:00Z,YHSK,228.0756,228.4223,228.7959,226.8670,747291
2022-09-27T00:00:00Z,YIJUV,451.2965,451.2880,452.0434,444.4376,744819
2022-09-27T00:00:00Z,YKJSV,393.0403,392.8925,393.3868,390.9672,828360
2022-09-27T00:00:00Z,YKVI,881.8552,881.9733,886.2754,871.1172,797606
2022-09-27T00:00:00Z,YMAL,323.3669,323.4679,328.7385,315.2777,724694
2022-09-27T00:00:00Z,YMFJ,286.7991,286.8571,287.6151,286.7658,889522
2022-09-27T00:00:00Z,YNMME,262.3257,262.3912,266.3129,259.8444,742468
2022-09-27T00:00:00Z,YNZO,768.7222,768.4198,774.7904,762.1195,732419
2022-09-27T00:00:00Z,YOC,483.3213,483.1871,488.5848,470.7999,770420
2022-09-27T00:00:00Z,YODYO,1408.5755,1410.7071,1419.2992,1399.0852,750836
2022-09-27T00:00:00Z,YTBXO,488.9409,488.8089,495.8090,481.6015,879642
2022-09-27T00:00:00Z,YTR,298.9230,298.7296,304.5462,298.5656,795599
2022-09-27T00:00:00Z,YUAB,169.7266,169.5454,172.5717,168.5366,799286
2022-09-27T00:00:00Z,YWG,385.0993,384.9024,391.6850,378.6577,818105
2022-09-27T00:00:00Z,YWVOS,805.3414,805.5791,815.2832,783.4971,719903
2022-09-27T00:00:00Z,YXTN,2555.3272,2558.3780,2584.7000,2500.2716,877612
2022-09-27T00:00:00Z,YYEST,506.6091,507.0196,516.5021,497.8589,758121
2022-09-27T00:00:00Z,YZMHJ,1054.7487,1056.1651,1084.9760,1043.0879,1006156
2022-09-27T00:00:00Z,ZBNNZ,284.8887,284.9009,289.7258,283.4557,967435
2022-09-27T00:00:00Z,ZBZ,17.3194,17.3223,17.6443,17.2924,947876
2022-09-27T00:00:00Z,ZCR,360.1586,359.7119,361.2349,359.4547,753253
2022-09-27T00:00:00Z,ZDZW,764.6314,764.7909,772.4569,763.0401,874916
2022-09-27T00:00:00Z,ZFIG,341.8353,341.9089,342.8929,339.6597,837695
2022-09-27T00:00:00Z,ZGJ,691.4762,691.8008,691.8560,672.2889,830732
2022-09-27T00:00:00Z,ZGOJ,358.7026,358.8141,361.1083,358.2639,804191
2022-09-27T00:00:00Z,ZGW,1545.8296,1546.5141,1551.2586,1531.5435,893379
2022-09-27T00:00:00Z,ZHKW,871.5626,871.5322,888.8818,869.5995,874563
2022-09-27T00:00:00Z,ZHSM,1365.8880,1366.3299,1387.3914,1354.9083,875793
2022-09-27T00:00:00Z,ZHWU,1105.6564,1105.9161,1108.1804,1098.2722,793299
2022-09-27T00:00:00Z,ZHZR,202.0395,201.8415,205.4028,198.2385,875375
2022-09-27T00:00:00Z,ZIKKC,35.0144,35.0242,35.2727,34.9419,821522
2022-09-27T00:00:00Z,ZIKTN,1254.8316,1255.2570,1277.3215,1253.9427,826613
2022-09-27T00:00:00Z,ZIQU,1410.4758,1411.3471,1413.2652,1400.2894,789678
2022-09-27T00:00:00Z,ZJAF,742.8563,742.7685,747.9038,739.3683,957404
2022-09-27T00:00:00Z,ZJKEO,486.7593,486.8484,498.6651,479.0701,769498
2022-09-27T00:00:00Z,ZJSXT,360.1638,360.2188,364.2807,354.7736,799494
2022-09-27T00:00:00Z,ZKB,372.8793,372.6740,372.9517,369.3062,791733
2022-09-27T00:00:00Z,ZLVH,512.9219,512.7651,521.1503,496.8671,873045
2022-09-27T00:00:00Z,ZLZ,157.2599,157.1162,159.1465,155.5303,892557
2022-09-27T00:00:00Z,ZMGPF,408.3892,408.4632,412.3074,402.3083,943000
2022-09-27T00:00:00Z,ZMKI,202.3194,202.6517,208.5285,197.7982,785749
2022-09-27T00:00:00Z,ZMMY,267.5569,267.2971,268.1511,263.8158,855170
2022-09-27T00:00:00Z,ZNK,870.3579,869.9562,871.0682,858.2226,1090997
2022-09-27T00:00:00Z,ZOAJS,538.8117,539.0854,559.0092,530.2762,654213
2022-09-27T00:00:00Z,ZPDCR,133.3580,133.2820,134.7973,129.2348,903815
2022-09-27T00:00:00Z,ZQKZJ,409.9688,410.1688,414.9476,398.9340,857026
2022-09-27T00:00:00Z,ZQME,288.4756,288.5611,293.4641,286.7606,792763
2022-09-27T00:00:00Z,ZRQAR,1243.8856,1244.3496,1284.4619,1233.0099,903616
2022-09-27T00:00:00Z,ZTSC,9.6704,9.6596,9.6711,9.5101,856437
2022-09-27T00:00:00Z,ZUQD,434.3508,434.1556,438.5572,429.5217,636765
2022-09-27T00:00:00Z,ZUUP,52.7719,52.7395,53.0578,52.6834,807723
2022-09-27T00:00:00Z,ZVC,382.6354,382.7489,388.8839,379.8904,810162
2022-09-27T00:00:00Z,ZVD,554.7980,554.6526,559.3467,554.0540,758647
2022-09-27T00:00:00Z,ZVW,593.8324,593.7485,609.1905,590.7884,725260
2022-09-27T00:00:00Z,ZWD,798.3559,797.9732,814.1098,791.3820,977117
2022-09-27T00:00:00Z,ZYNVB,218.7829,218.6505,221.2857,212.2431,839059
2022-09-27T00:00:00Z,ZZLD,145.8957,145.8765,146.3050,145.5140,795020
